Season,Match_ID,Date,Status,Matchday,HomeTeam,AwayTeam,HomeGoals,AwayGoals
2023,435943,2023-08-11T19:00:00Z,FINISHED,1,Burnley FC,Manchester City FC,0,3
2023,435944,2023-08-12T12:00:00Z,FINISHED,1,Arsenal FC,Nottingham Forest FC,2,1
2023,435945,2023-08-12T14:00:00Z,FINISHED,1,AFC Bournemouth,West Ham United FC,1,1
2023,435946,2023-08-12T14:00:00Z,FINISHED,1,Brighton & Hove Albion FC,Luton Town FC,4,1
2023,435947,2023-08-12T14:00:00Z,FINISHED,1,Everton FC,Fulham FC,0,1
2023,435948,2023-08-12T14:00:00Z,FINISHED,1,Sheffield United FC,Crystal Palace FC,0,1
2023,435949,2023-08-12T16:30:00Z,FINISHED,1,Newcastle United FC,Aston Villa FC,5,1
2023,435950,2023-08-13T13:00:00Z,FINISHED,1,Brentford FC,Tottenham Hotspur FC,2,2
2023,435951,2023-08-13T15:30:00Z,FINISHED,1,Chelsea FC,Liverpool FC,1,1
2023,435952,2023-08-14T19:00:00Z,FINISHED,1,Manchester United FC,Wolverhampton Wanderers FC,1,0
2023,435959,2023-08-18T18:45:00Z,FINISHED,2,Nottingham Forest FC,Sheffield United FC,2,1
2023,435955,2023-08-19T14:00:00Z,FINISHED,2,Fulham FC,Brentford FC,0,3
2023,435956,2023-08-19T14:00:00Z,FINISHED,2,Liverpool FC,AFC Bournemouth,3,1
2023,435962,2023-08-19T14:00:00Z,FINISHED,2,Wolverhampton Wanderers FC,Brighton & Hove Albion FC,1,4
2023,435960,2023-08-19T16:30:00Z,FINISHED,2,Tottenham Hotspur FC,Manchester United FC,2,0
2023,435958,2023-08-19T19:00:00Z,FINISHED,2,Manchester City FC,Newcastle United FC,1,0
2023,435953,2023-08-20T13:00:00Z,FINISHED,2,Aston Villa FC,Everton FC,4,0
2023,435961,2023-08-20T15:30:00Z,FINISHED,2,West Ham United FC,Chelsea FC,3,1
2023,435954,2023-08-21T19:00:00Z,FINISHED,2,Crystal Palace FC,Arsenal FC,0,1
2023,435968,2023-08-25T19:00:00Z,FINISHED,3,Chelsea FC,Luton Town FC,3,0
2023,435963,2023-08-26T11:30:00Z,FINISHED,3,AFC Bournemouth,Tottenham Hotspur FC,0,2
2023,435969,2023-08-26T14:00:00Z,FINISHED,3,Everton FC,Wolverhampton Wanderers FC,0,1
2023,435970,2023-08-26T14:00:00Z,FINISHED,3,Manchester United FC,Nottingham Forest FC,3,2
2023,435964,2023-08-26T14:00:00Z,FINISHED,3,Arsenal FC,Fulham FC,2,2
2023,435965,2023-08-26T14:00:00Z,FINISHED,3,Brentford FC,Crystal Palace FC,1,1
2023,435966,2023-08-26T16:30:00Z,FINISHED,3,Brighton & Hove Albion FC,West Ham United FC,1,3
2023,435972,2023-08-27T13:00:00Z,FINISHED,3,Sheffield United FC,Manchester City FC,1,2
2023,435967,2023-08-27T13:00:00Z,FINISHED,3,Burnley FC,Aston Villa FC,1,3
2023,435971,2023-08-27T15:30:00Z,FINISHED,3,Newcastle United FC,Liverpool FC,1,2
2023,435980,2023-09-01T19:00:00Z,FINISHED,4,Luton Town FC,West Ham United FC,1,2
2023,435982,2023-09-02T11:30:00Z,FINISHED,4,Sheffield United FC,Everton FC,2,2
2023,435974,2023-09-02T14:00:00Z,FINISHED,4,Brentford FC,AFC Bournemouth,2,2
2023,435976,2023-09-02T14:00:00Z,FINISHED,4,Burnley FC,Tottenham Hotspur FC,2,5
2023,435977,2023-09-02T14:00:00Z,FINISHED,4,Chelsea FC,Nottingham Forest FC,0,1
2023,435981,2023-09-02T14:00:00Z,FINISHED,4,Manchester City FC,Fulham FC,5,1
2023,435975,2023-09-02T16:30:00Z,FINISHED,4,Brighton & Hove Albion FC,Newcastle United FC,3,1
2023,435978,2023-09-03T13:00:00Z,FINISHED,4,Crystal Palace FC,Wolverhampton Wanderers FC,3,2
2023,435979,2023-09-03T13:00:00Z,FINISHED,4,Liverpool FC,Aston Villa FC,3,0
2023,435973,2023-09-03T15:30:00Z,FINISHED,4,Arsenal FC,Manchester United FC,3,1
2023,435992,2023-09-16T11:30:00Z,FINISHED,5,Wolverhampton Wanderers FC,Liverpool FC,1,3
2023,435984,2023-09-16T14:00:00Z,FINISHED,5,Aston Villa FC,Crystal Palace FC,3,1
2023,435986,2023-09-16T14:00:00Z,FINISHED,5,Fulham FC,Luton Town FC,1,0
2023,435987,2023-09-16T14:00:00Z,FINISHED,5,Manchester United FC,Brighton & Hove Albion FC,1,3
2023,435990,2023-09-16T14:00:00Z,FINISHED,5,Tottenham Hotspur FC,Sheffield United FC,2,1
2023,435991,2023-09-16T14:00:00Z,FINISHED,5,West Ham United FC,Manchester City FC,1,3
2023,435988,2023-09-16T16:30:00Z,FINISHED,5,Newcastle United FC,Brentford FC,1,0
2023,435983,2023-09-17T13:00:00Z,FINISHED,5,AFC Bournemouth,Chelsea FC,0,0
2023,435985,2023-09-17T15:30:00Z,FINISHED,5,Everton FC,Arsenal FC,0,1
2023,435989,2023-09-18T18:45:00Z,FINISHED,5,Nottingham Forest FC,Burnley FC,1,1
2023,435998,2023-09-23T14:00:00Z,FINISHED,6,Crystal Palace FC,Fulham FC,0,0
2023,436000,2023-09-23T14:00:00Z,FINISHED,6,Luton Town FC,Wolverhampton Wanderers FC,1,1
2023,436001,2023-09-23T14:00:00Z,FINISHED,6,Manchester City FC,Nottingham Forest FC,2,0
2023,435994,2023-09-23T16:30:00Z,FINISHED,6,Brentford FC,Everton FC,1,3
2023,435996,2023-09-23T19:00:00Z,FINISHED,6,Burnley FC,Manchester United FC,0,1
2023,435993,2023-09-24T13:00:00Z,FINISHED,6,Arsenal FC,Tottenham Hotspur FC,2,2
2023,435995,2023-09-24T13:00:00Z,FINISHED,6,Brighton & Hove Albion FC,AFC Bournemouth,3,1
2023,435997,2023-09-24T13:00:00Z,FINISHED,6,Chelsea FC,Aston Villa FC,0,1
2023,435999,2023-09-24T13:00:00Z,FINISHED,6,Liverpool FC,West Ham United FC,3,1
2023,436002,2023-09-24T15:30:00Z,FINISHED,6,Sheffield United FC,Newcastle United FC,0,8
2023,436004,2023-09-30T11:30:00Z,FINISHED,7,Aston Villa FC,Brighton & Hove Albion FC,6,1
2023,436003,2023-09-30T14:00:00Z,FINISHED,7,AFC Bournemouth,Arsenal FC,0,4
2023,436005,2023-09-30T14:00:00Z,FINISHED,7,Everton FC,Luton Town FC,1,2
2023,436007,2023-09-30T14:00:00Z,FINISHED,7,Manchester United FC,Crystal Palace FC,0,1
2023,436008,2023-09-30T14:00:00Z,FINISHED,7,Newcastle United FC,Burnley FC,2,0
2023,436011,2023-09-30T14:00:00Z,FINISHED,7,West Ham United FC,Sheffield United FC,2,0
2023,436012,2023-09-30T14:00:00Z,FINISHED,7,Wolverhampton Wanderers FC,Manchester City FC,2,1
2023,436010,2023-09-30T16:30:00Z,FINISHED,7,Tottenham Hotspur FC,Liverpool FC,2,1
2023,436009,2023-10-01T13:00:00Z,FINISHED,7,Nottingham Forest FC,Brentford FC,1,1
2023,436006,2023-10-02T19:00:00Z,FINISHED,7,Fulham FC,Chelsea FC,0,2
2023,435957,2023-10-03T18:30:00Z,FINISHED,2,Luton Town FC,Burnley FC,1,2
2023,436019,2023-10-07T11:30:00Z,FINISHED,8,Luton Town FC,Tottenham Hotspur FC,0,1
2023,436015,2023-10-07T14:00:00Z,FINISHED,8,Burnley FC,Chelsea FC,1,4
2023,436017,2023-10-07T14:00:00Z,FINISHED,8,Everton FC,AFC Bournemouth,3,0
2023,436018,2023-10-07T14:00:00Z,FINISHED,8,Fulham FC,Sheffield United FC,3,1
2023,436020,2023-10-07T14:00:00Z,FINISHED,8,Manchester United FC,Brentford FC,2,1
2023,436016,2023-10-07T16:30:00Z,FINISHED,8,Crystal Palace FC,Nottingham Forest FC,0,0
2023,436014,2023-10-08T13:00:00Z,FINISHED,8,Brighton & Hove Albion FC,Liverpool FC,2,2
2023,436021,2023-10-08T13:00:00Z,FINISHED,8,West Ham United FC,Newcastle United FC,2,2
2023,436022,2023-10-08T13:00:00Z,FINISHED,8,Wolverhampton Wanderers FC,Aston Villa FC,1,1
2023,436013,2023-10-08T15:30:00Z,FINISHED,8,Arsenal FC,Manchester City FC,1,0
2023,436027,2023-10-21T11:30:00Z,FINISHED,9,Liverpool FC,Everton FC,2,0
2023,436023,2023-10-21T14:00:00Z,FINISHED,9,AFC Bournemouth,Wolverhampton Wanderers FC,1,2
2023,436025,2023-10-21T14:00:00Z,FINISHED,9,Brentford FC,Burnley FC,3,0
2023,436028,2023-10-21T14:00:00Z,FINISHED,9,Manchester City FC,Brighton & Hove Albion FC,2,1
2023,436029,2023-10-21T14:00:00Z,FINISHED,9,Newcastle United FC,Crystal Palace FC,4,0
2023,436030,2023-10-21T14:00:00Z,FINISHED,9,Nottingham Forest FC,Luton Town FC,2,2
2023,436026,2023-10-21T16:30:00Z,FINISHED,9,Chelsea FC,Arsenal FC,2,2
2023,436031,2023-10-21T19:00:00Z,FINISHED,9,Sheffield United FC,Manchester United FC,1,2
2023,436024,2023-10-22T15:30:00Z,FINISHED,9,Aston Villa FC,West Ham United FC,4,1
2023,436032,2023-10-23T19:00:00Z,FINISHED,9,Tottenham Hotspur FC,Fulham FC,2,0
2023,436038,2023-10-27T19:00:00Z,FINISHED,10,Crystal Palace FC,Tottenham Hotspur FC,1,2
2023,436037,2023-10-28T11:30:00Z,FINISHED,10,Chelsea FC,Brentford FC,0,2
2023,436033,2023-10-28T14:00:00Z,FINISHED,10,AFC Bournemouth,Burnley FC,2,1
2023,436034,2023-10-28T14:00:00Z,FINISHED,10,Arsenal FC,Sheffield United FC,5,0
2023,436042,2023-10-28T16:30:00Z,FINISHED,10,Wolverhampton Wanderers FC,Newcastle United FC,2,2
2023,436041,2023-10-29T13:00:00Z,FINISHED,10,West Ham United FC,Everton FC,0,1
2023,436035,2023-10-29T14:00:00Z,FINISHED,10,Aston Villa FC,Luton Town FC,3,1
2023,436036,2023-10-29T14:00:00Z,FINISHED,10,Brighton & Hove Albion FC,Fulham FC,1,1
2023,436039,2023-10-29T14:00:00Z,FINISHED,10,Liverpool FC,Nottingham Forest FC,3,0
2023,436040,2023-10-29T15:30:00Z,FINISHED,10,Manchester United FC,Manchester City FC,0,3
2023,436046,2023-11-04T12:30:00Z,FINISHED,11,Fulham FC,Manchester United FC,0,1
2023,436043,2023-11-04T15:00:00Z,FINISHED,11,Brentford FC,West Ham United FC,3,2
2023,436044,2023-11-04T15:00:00Z,FINISHED,11,Burnley FC,Crystal Palace FC,0,2
2023,436045,2023-11-04T15:00:00Z,FINISHED,11,Everton FC,Brighton & Hove Albion FC,1,1
2023,436048,2023-11-04T15:00:00Z,FINISHED,11,Manchester City FC,AFC Bournemouth,6,1
2023,436051,2023-11-04T15:00:00Z,FINISHED,11,Sheffield United FC,Wolverhampton Wanderers FC,2,1
2023,436049,2023-11-04T17:30:00Z,FINISHED,11,Newcastle United FC,Arsenal FC,1,0
2023,436050,2023-11-05T14:00:00Z,FINISHED,11,Nottingham Forest FC,Aston Villa FC,2,0
2023,436047,2023-11-05T16:30:00Z,FINISHED,11,Luton Town FC,Liverpool FC,1,1
2023,436052,2023-11-06T20:00:00Z,FINISHED,11,Tottenham Hotspur FC,Chelsea FC,1,4
2023,436062,2023-11-11T12:30:00Z,FINISHED,12,Wolverhampton Wanderers FC,Tottenham Hotspur FC,2,1
2023,436054,2023-11-11T15:00:00Z,FINISHED,12,Arsenal FC,Burnley FC,3,1
2023,436058,2023-11-11T15:00:00Z,FINISHED,12,Crystal Palace FC,Everton FC,2,3
2023,436060,2023-11-11T15:00:00Z,FINISHED,12,Manchester United FC,Luton Town FC,1,0
2023,436053,2023-11-11T17:30:00Z,FINISHED,12,AFC Bournemouth,Newcastle United FC,2,0
2023,436055,2023-11-12T14:00:00Z,FINISHED,12,Aston Villa FC,Fulham FC,3,1
2023,436056,2023-11-12T14:00:00Z,FINISHED,12,Brighton & Hove Albion FC,Sheffield United FC,1,1
2023,436059,2023-11-12T14:00:00Z,FINISHED,12,Liverpool FC,Brentford FC,3,0
2023,436061,2023-11-12T14:00:00Z,FINISHED,12,West Ham United FC,Nottingham Forest FC,3,2
2023,436057,2023-11-12T16:30:00Z,FINISHED,12,Chelsea FC,Manchester City FC,4,4
2023,436068,2023-11-25T12:30:00Z,FINISHED,13,Manchester City FC,Liverpool FC,1,1
2023,436064,2023-11-25T15:00:00Z,FINISHED,13,Burnley FC,West Ham United FC,1,2
2023,436067,2023-11-25T15:00:00Z,FINISHED,13,Luton Town FC,Crystal Palace FC,2,1
2023,436069,2023-11-25T15:00:00Z,FINISHED,13,Newcastle United FC,Chelsea FC,4,1
2023,436070,2023-11-25T15:00:00Z,FINISHED,13,Nottingham Forest FC,Brighton & Hove Albion FC,2,3
2023,436071,2023-11-25T15:00:00Z,FINISHED,13,Sheffield United FC,AFC Bournemouth,1,3
2023,436063,2023-11-25T17:30:00Z,FINISHED,13,Brentford FC,Arsenal FC,0,1
2023,436072,2023-11-26T14:00:00Z,FINISHED,13,Tottenham Hotspur FC,Aston Villa FC,1,2
2023,436065,2023-11-26T16:30:00Z,FINISHED,13,Everton FC,Manchester United FC,0,3
2023,436066,2023-11-27T20:00:00Z,FINISHED,13,Fulham FC,Wolverhampton Wanderers FC,3,2
2023,436074,2023-12-02T15:00:00Z,FINISHED,14,Arsenal FC,Wolverhampton Wanderers FC,2,1
2023,436075,2023-12-02T15:00:00Z,FINISHED,14,Brentford FC,Luton Town FC,3,1
2023,436076,2023-12-02T15:00:00Z,FINISHED,14,Burnley FC,Sheffield United FC,5,0
2023,436081,2023-12-02T17:30:00Z,FINISHED,14,Nottingham Forest FC,Everton FC,0,1
2023,436080,2023-12-02T20:00:00Z,FINISHED,14,Newcastle United FC,Manchester United FC,1,0
2023,436073,2023-12-03T14:00:00Z,FINISHED,14,AFC Bournemouth,Aston Villa FC,2,2
2023,436077,2023-12-03T14:00:00Z,FINISHED,14,Chelsea FC,Brighton & Hove Albion FC,3,2
2023,436078,2023-12-03T14:00:00Z,FINISHED,14,Liverpool FC,Fulham FC,4,3
2023,436082,2023-12-03T14:00:00Z,FINISHED,14,West Ham United FC,Crystal Palace FC,1,1
2023,436079,2023-12-03T16:30:00Z,FINISHED,14,Manchester City FC,Tottenham Hotspur FC,3,3
2023,436090,2023-12-05T19:30:00Z,FINISHED,15,Wolverhampton Wanderers FC,Burnley FC,1,0
2023,436087,2023-12-05T20:15:00Z,FINISHED,15,Luton Town FC,Arsenal FC,3,4
2023,436084,2023-12-06T19:30:00Z,FINISHED,15,Brighton & Hove Albion FC,Brentford FC,2,1
2023,436086,2023-12-06T19:30:00Z,FINISHED,15,Fulham FC,Nottingham Forest FC,5,0
2023,436088,2023-12-06T19:30:00Z,FINISHED,15,Sheffield United FC,Liverpool FC,0,2
2023,436091,2023-12-06T19:30:00Z,FINISHED,15,Crystal Palace FC,AFC Bournemouth,0,2
2023,436083,2023-12-06T20:15:00Z,FINISHED,15,Aston Villa FC,Manchester City FC,1,0
2023,436092,2023-12-06T20:15:00Z,FINISHED,15,Manchester United FC,Chelsea FC,2,1
2023,436085,2023-12-07T19:30:00Z,FINISHED,15,Everton FC,Newcastle United FC,3,0
2023,436089,2023-12-07T20:15:00Z,FINISHED,15,Tottenham Hotspur FC,West Ham United FC,1,2
2023,436095,2023-12-09T12:30:00Z,FINISHED,16,Crystal Palace FC,Liverpool FC,1,2
2023,436094,2023-12-09T15:00:00Z,FINISHED,16,Brighton & Hove Albion FC,Burnley FC,1,1
2023,436099,2023-12-09T15:00:00Z,FINISHED,16,Manchester United FC,AFC Bournemouth,0,3
2023,436100,2023-12-09T15:00:00Z,FINISHED,16,Sheffield United FC,Brentford FC,1,0
2023,436102,2023-12-09T15:00:00Z,FINISHED,16,Wolverhampton Wanderers FC,Nottingham Forest FC,1,1
2023,436093,2023-12-09T17:30:00Z,FINISHED,16,Aston Villa FC,Arsenal FC,1,0
2023,436096,2023-12-10T14:00:00Z,FINISHED,16,Everton FC,Chelsea FC,2,0
2023,436097,2023-12-10T14:00:00Z,FINISHED,16,Fulham FC,West Ham United FC,5,0
2023,436098,2023-12-10T14:00:00Z,FINISHED,16,Luton Town FC,Manchester City FC,1,2
2023,436101,2023-12-10T16:30:00Z,FINISHED,16,Tottenham Hotspur FC,Newcastle United FC,4,1
2023,436111,2023-12-15T20:00:00Z,FINISHED,17,Nottingham Forest FC,Tottenham Hotspur FC,0,2
2023,436107,2023-12-16T15:00:00Z,FINISHED,17,Chelsea FC,Sheffield United FC,2,0
2023,436109,2023-12-16T15:00:00Z,FINISHED,17,Manchester City FC,Crystal Palace FC,2,2
2023,436110,2023-12-16T15:00:00Z,FINISHED,17,Newcastle United FC,Fulham FC,3,0
2023,436106,2023-12-16T17:30:00Z,FINISHED,17,Burnley FC,Everton FC,0,2
2023,436104,2023-12-17T14:00:00Z,FINISHED,17,Arsenal FC,Brighton & Hove Albion FC,2,0
2023,436105,2023-12-17T14:00:00Z,FINISHED,17,Brentford FC,Aston Villa FC,1,2
2023,436112,2023-12-17T14:00:00Z,FINISHED,17,West Ham United FC,Wolverhampton Wanderers FC,3,0
2023,436108,2023-12-17T16:30:00Z,FINISHED,17,Liverpool FC,Manchester United FC,0,0
2023,436114,2023-12-21T20:00:00Z,FINISHED,18,Crystal Palace FC,Brighton & Hove Albion FC,1,1
2023,436113,2023-12-22T20:00:00Z,FINISHED,18,Aston Villa FC,Sheffield United FC,1,1
2023,436121,2023-12-23T12:30:00Z,FINISHED,18,West Ham United FC,Manchester United FC,2,0
2023,436115,2023-12-23T15:00:00Z,FINISHED,18,Fulham FC,Burnley FC,0,2
2023,436117,2023-12-23T15:00:00Z,FINISHED,18,Luton Town FC,Newcastle United FC,1,0
2023,436119,2023-12-23T15:00:00Z,FINISHED,18,Nottingham Forest FC,AFC Bournemouth,2,3
2023,436120,2023-12-23T15:00:00Z,FINISHED,18,Tottenham Hotspur FC,Everton FC,2,1
2023,436116,2023-12-23T17:30:00Z,FINISHED,18,Liverpool FC,Arsenal FC,1,1
2023,436122,2023-12-24T13:00:00Z,FINISHED,18,Wolverhampton Wanderers FC,Chelsea FC,2,1
2023,436131,2023-12-26T12:30:00Z,FINISHED,19,Newcastle United FC,Nottingham Forest FC,1,3
2023,436123,2023-12-26T15:00:00Z,FINISHED,19,AFC Bournemouth,Fulham FC,3,0
2023,436132,2023-12-26T15:00:00Z,FINISHED,19,Sheffield United FC,Luton Town FC,2,3
2023,436127,2023-12-26T17:30:00Z,FINISHED,19,Burnley FC,Liverpool FC,0,2
2023,436130,2023-12-26T20:00:00Z,FINISHED,19,Manchester United FC,Aston Villa FC,3,2
2023,436125,2023-12-27T19:30:00Z,FINISHED,19,Brentford FC,Wolverhampton Wanderers FC,1,4
2023,436128,2023-12-27T19:30:00Z,FINISHED,19,Chelsea FC,Crystal Palace FC,2,1
2023,436129,2023-12-27T20:15:00Z,FINISHED,19,Everton FC,Manchester City FC,1,3
2023,436126,2023-12-28T19:30:00Z,FINISHED,19,Brighton & Hove Albion FC,Tottenham Hotspur FC,4,2
2023,436124,2023-12-28T20:15:00Z,FINISHED,19,Arsenal FC,West Ham United FC,0,2
2023,436137,2023-12-30T12:30:00Z,FINISHED,20,Luton Town FC,Chelsea FC,2,3
2023,436133,2023-12-30T15:00:00Z,FINISHED,20,Aston Villa FC,Burnley FC,3,2
2023,436134,2023-12-30T15:00:00Z,FINISHED,20,Crystal Palace FC,Brentford FC,3,1
2023,436138,2023-12-30T15:00:00Z,FINISHED,20,Manchester City FC,Sheffield United FC,2,0
2023,436142,2023-12-30T15:00:00Z,FINISHED,20,Wolverhampton Wanderers FC,Everton FC,3,0
2023,436139,2023-12-30T17:30:00Z,FINISHED,20,Nottingham Forest FC,Manchester United FC,2,1
2023,436135,2023-12-31T14:00:00Z,FINISHED,20,Fulham FC,Arsenal FC,2,1
2023,436140,2023-12-31T14:00:00Z,FINISHED,20,Tottenham Hotspur FC,AFC Bournemouth,3,1
2023,436136,2024-01-01T20:00:00Z,FINISHED,20,Liverpool FC,Newcastle United FC,4,2
2023,436141,2024-01-02T19:30:00Z,FINISHED,20,West Ham United FC,Brighton & Hove Albion FC,0,0
2023,436147,2024-01-12T19:45:00Z,FINISHED,21,Burnley FC,Luton Town FC,1,1
2023,436148,2024-01-13T12:30:00Z,FINISHED,21,Chelsea FC,Fulham FC,1,0
2023,436151,2024-01-13T17:30:00Z,FINISHED,21,Newcastle United FC,Manchester City FC,2,3
2023,436149,2024-01-14T14:00:00Z,FINISHED,21,Everton FC,Aston Villa FC,0,0
2023,436150,2024-01-14T16:30:00Z,FINISHED,21,Manchester United FC,Tottenham Hotspur FC,2,2
2023,436144,2024-01-20T12:30:00Z,FINISHED,21,Arsenal FC,Crystal Palace FC,5,0
2023,436145,2024-01-20T17:30:00Z,FINISHED,21,Brentford FC,Nottingham Forest FC,3,2
2023,436152,2024-01-21T14:00:00Z,FINISHED,21,Sheffield United FC,West Ham United FC,2,2
2023,436143,2024-01-21T16:30:00Z,FINISHED,21,AFC Bournemouth,Liverpool FC,0,4
2023,436146,2024-01-22T19:45:00Z,FINISHED,21,Brighton & Hove Albion FC,Wolverhampton Wanderers FC,0,0
2023,436153,2024-01-30T19:30:00Z,FINISHED,22,Nottingham Forest FC,Arsenal FC,1,2
2023,436155,2024-01-30T19:45:00Z,FINISHED,22,Luton Town FC,Brighton & Hove Albion FC,4,0
2023,436156,2024-01-30T19:45:00Z,FINISHED,22,Fulham FC,Everton FC,0,0
2023,436157,2024-01-30T20:00:00Z,FINISHED,22,Crystal Palace FC,Sheffield United FC,3,2
2023,436158,2024-01-30T20:15:00Z,FINISHED,22,Aston Villa FC,Newcastle United FC,1,3
2023,436159,2024-01-31T19:30:00Z,FINISHED,22,Tottenham Hotspur FC,Brentford FC,3,2
2023,436161,2024-01-31T19:30:00Z,FINISHED,22,Manchester City FC,Burnley FC,3,1
2023,436162,2024-01-31T20:15:00Z,FINISHED,22,Liverpool FC,Chelsea FC,4,1
2023,436154,2024-02-01T19:30:00Z,FINISHED,22,West Ham United FC,AFC Bournemouth,1,1
2023,436160,2024-02-01T20:15:00Z,FINISHED,22,Wolverhampton Wanderers FC,Manchester United FC,3,4
2023,436169,2024-02-03T12:30:00Z,FINISHED,23,Everton FC,Tottenham Hotspur FC,2,2
2023,436166,2024-02-03T15:00:00Z,FINISHED,23,Brighton & Hove Albion FC,Crystal Palace FC,4,1
2023,436167,2024-02-03T15:00:00Z,FINISHED,23,Burnley FC,Fulham FC,2,2
2023,436171,2024-02-03T15:00:00Z,FINISHED,23,Newcastle United FC,Luton Town FC,4,4
2023,436172,2024-02-03T17:30:00Z,FINISHED,23,Sheffield United FC,Aston Villa FC,0,5
2023,436163,2024-02-04T14:00:00Z,FINISHED,23,AFC Bournemouth,Nottingham Forest FC,1,1
2023,436168,2024-02-04T14:00:00Z,FINISHED,23,Chelsea FC,Wolverhampton Wanderers FC,2,4
2023,436170,2024-02-04T14:00:00Z,FINISHED,23,Manchester United FC,West Ham United FC,3,0
2023,436164,2024-02-04T16:30:00Z,FINISHED,23,Arsenal FC,Liverpool FC,3,1
2023,436165,2024-02-05T20:00:00Z,FINISHED,23,Brentford FC,Manchester City FC,1,3
2023,436178,2024-02-10T12:30:00Z,FINISHED,24,Manchester City FC,Everton FC,2,0
2023,436175,2024-02-10T15:00:00Z,FINISHED,24,Fulham FC,AFC Bournemouth,3,1
2023,436176,2024-02-10T15:00:00Z,FINISHED,24,Liverpool FC,Burnley FC,3,1
2023,436177,2024-02-10T15:00:00Z,FINISHED,24,Luton Town FC,Sheffield United FC,1,3
2023,436180,2024-02-10T15:00:00Z,FINISHED,24,Tottenham Hotspur FC,Brighton & Hove Albion FC,2,1
2023,436182,2024-02-10T15:00:00Z,FINISHED,24,Wolverhampton Wanderers FC,Brentford FC,0,2
2023,436179,2024-02-10T17:30:00Z,FINISHED,24,Nottingham Forest FC,Newcastle United FC,2,3
2023,436181,2024-02-11T14:00:00Z,FINISHED,24,West Ham United FC,Arsenal FC,0,6
2023,436173,2024-02-11T16:30:00Z,FINISHED,24,Aston Villa FC,Manchester United FC,1,2
2023,436174,2024-02-12T20:00:00Z,FINISHED,24,Crystal Palace FC,Chelsea FC,1,3
2023,436183,2024-02-17T12:30:00Z,FINISHED,25,Brentford FC,Liverpool FC,1,4
2023,436184,2024-02-17T15:00:00Z,FINISHED,25,Burnley FC,Arsenal FC,0,5
2023,436186,2024-02-17T15:00:00Z,FINISHED,25,Fulham FC,Aston Villa FC,1,2
2023,436189,2024-02-17T15:00:00Z,FINISHED,25,Newcastle United FC,AFC Bournemouth,2,2
2023,436190,2024-02-17T15:00:00Z,FINISHED,25,Nottingham Forest FC,West Ham United FC,2,0
2023,436192,2024-02-17T15:00:00Z,FINISHED,25,Tottenham Hotspur FC,Wolverhampton Wanderers FC,1,2
2023,436188,2024-02-17T17:30:00Z,FINISHED,25,Manchester City FC,Chelsea FC,1,1
2023,436191,2024-02-18T14:00:00Z,FINISHED,25,Sheffield United FC,Brighton & Hove Albion FC,0,5
2023,436187,2024-02-18T16:30:00Z,FINISHED,25,Luton Town FC,Manchester United FC,1,2
2023,436185,2024-02-19T20:00:00Z,FINISHED,25,Everton FC,Crystal Palace FC,1,1
2023,436118,2024-02-20T19:30:00Z,FINISHED,18,Manchester City FC,Brentford FC,1,0
2023,436199,2024-02-21T19:30:00Z,FINISHED,26,Liverpool FC,Luton Town FC,4,1
2023,436195,2024-02-24T15:00:00Z,FINISHED,26,Aston Villa FC,Nottingham Forest FC,4,2
2023,436196,2024-02-24T15:00:00Z,FINISHED,26,Brighton & Hove Albion FC,Everton FC,1,1
2023,436198,2024-02-24T15:00:00Z,FINISHED,26,Crystal Palace FC,Burnley FC,3,0
2023,436200,2024-02-24T15:00:00Z,FINISHED,26,Manchester United FC,Fulham FC,1,2
2023,436193,2024-02-24T17:30:00Z,FINISHED,26,AFC Bournemouth,Manchester City FC,0,1
2023,436194,2024-02-24T20:00:00Z,FINISHED,26,Arsenal FC,Newcastle United FC,4,1
2023,436202,2024-02-25T13:30:00Z,FINISHED,26,Wolverhampton Wanderers FC,Sheffield United FC,1,0
2023,436201,2024-02-26T20:00:00Z,FINISHED,26,West Ham United FC,Brentford FC,4,2
2023,436203,2024-03-02T15:00:00Z,FINISHED,27,Brentford FC,Chelsea FC,2,2
2023,436205,2024-03-02T15:00:00Z,FINISHED,27,Everton FC,West Ham United FC,1,3
2023,436206,2024-03-02T15:00:00Z,FINISHED,27,Fulham FC,Brighton & Hove Albion FC,3,0
2023,436209,2024-03-02T15:00:00Z,FINISHED,27,Newcastle United FC,Wolverhampton Wanderers FC,3,0
2023,436210,2024-03-02T15:00:00Z,FINISHED,27,Nottingham Forest FC,Liverpool FC,0,1
2023,436212,2024-03-02T15:00:00Z,FINISHED,27,Tottenham Hotspur FC,Crystal Palace FC,3,1
2023,436207,2024-03-02T17:30:00Z,FINISHED,27,Luton Town FC,Aston Villa FC,2,3
2023,436204,2024-03-03T13:00:00Z,FINISHED,27,Burnley FC,AFC Bournemouth,0,2
2023,436208,2024-03-03T15:30:00Z,FINISHED,27,Manchester City FC,Manchester United FC,3,1
2023,436211,2024-03-04T20:00:00Z,FINISHED,27,Sheffield United FC,Arsenal FC,0,6
2023,436220,2024-03-09T12:30:00Z,FINISHED,28,Manchester United FC,Everton FC,2,0
2023,436213,2024-03-09T15:00:00Z,FINISHED,28,AFC Bournemouth,Sheffield United FC,2,2
2023,436218,2024-03-09T15:00:00Z,FINISHED,28,Crystal Palace FC,Luton Town FC,1,1
2023,436222,2024-03-09T15:00:00Z,FINISHED,28,Wolverhampton Wanderers FC,Fulham FC,2,1
2023,436214,2024-03-09T17:30:00Z,FINISHED,28,Arsenal FC,Brentford FC,2,1
2023,436215,2024-03-10T13:00:00Z,FINISHED,28,Aston Villa FC,Tottenham Hotspur FC,0,4
2023,436216,2024-03-10T14:00:00Z,FINISHED,28,Brighton & Hove Albion FC,Nottingham Forest FC,1,0
2023,436221,2024-03-10T14:00:00Z,FINISHED,28,West Ham United FC,Burnley FC,2,2
2023,436219,2024-03-10T15:45:00Z,FINISHED,28,Liverpool FC,Manchester City FC,1,1
2023,436217,2024-03-11T20:00:00Z,FINISHED,28,Chelsea FC,Newcastle United FC,3,2
2023,436103,2024-03-13T19:30:00Z,FINISHED,17,AFC Bournemouth,Luton Town FC,4,3
2023,436225,2024-03-16T15:00:00Z,FINISHED,29,Burnley FC,Brentford FC,2,1
2023,436229,2024-03-16T15:00:00Z,FINISHED,29,Luton Town FC,Nottingham Forest FC,1,1
2023,436228,2024-03-16T17:30:00Z,FINISHED,29,Fulham FC,Tottenham Hotspur FC,3,0
2023,436231,2024-03-17T14:00:00Z,FINISHED,29,West Ham United FC,Aston Villa FC,1,1
2023,436239,2024-03-30T12:30:00Z,FINISHED,30,Newcastle United FC,West Ham United FC,4,3
2023,436233,2024-03-30T15:00:00Z,FINISHED,30,AFC Bournemouth,Everton FC,2,1
2023,436236,2024-03-30T15:00:00Z,FINISHED,30,Chelsea FC,Burnley FC,2,2
2023,436240,2024-03-30T15:00:00Z,FINISHED,30,Nottingham Forest FC,Crystal Palace FC,1,1
2023,436241,2024-03-30T15:00:00Z,FINISHED,30,Sheffield United FC,Fulham FC,3,3
2023,436242,2024-03-30T15:00:00Z,FINISHED,30,Tottenham Hotspur FC,Luton Town FC,2,1
2023,436234,2024-03-30T17:30:00Z,FINISHED,30,Aston Villa FC,Wolverhampton Wanderers FC,2,0
2023,436235,2024-03-30T20:00:00Z,FINISHED,30,Brentford FC,Manchester United FC,1,1
2023,436237,2024-03-31T13:00:00Z,FINISHED,30,Liverpool FC,Brighton & Hove Albion FC,2,1
2023,436238,2024-03-31T15:30:00Z,FINISHED,30,Manchester City FC,Arsenal FC,0,0
2023,436247,2024-04-02T18:30:00Z,FINISHED,31,Nottingham Forest FC,Fulham FC,3,1
2023,436250,2024-04-02T18:30:00Z,FINISHED,31,Newcastle United FC,Everton FC,1,1
2023,436243,2024-04-02T18:45:00Z,FINISHED,31,AFC Bournemouth,Crystal Palace FC,1,0
2023,436246,2024-04-02T18:45:00Z,FINISHED,31,Burnley FC,Wolverhampton Wanderers FC,1,1
2023,436248,2024-04-02T19:15:00Z,FINISHED,31,West Ham United FC,Tottenham Hotspur FC,1,1
2023,436244,2024-04-03T18:30:00Z,FINISHED,31,Arsenal FC,Luton Town FC,2,0
2023,436245,2024-04-03T18:30:00Z,FINISHED,31,Brentford FC,Brighton & Hove Albion FC,0,0
2023,436252,2024-04-03T19:15:00Z,FINISHED,31,Manchester City FC,Aston Villa FC,4,1
2023,436251,2024-04-04T18:30:00Z,FINISHED,31,Liverpool FC,Sheffield United FC,3,1
2023,436249,2024-04-04T19:15:00Z,FINISHED,31,Chelsea FC,Manchester United FC,4,3
2023,436255,2024-04-06T11:30:00Z,FINISHED,32,Crystal Palace FC,Manchester City FC,2,4
2023,436253,2024-04-06T14:00:00Z,FINISHED,32,Aston Villa FC,Brentford FC,3,3
2023,436256,2024-04-06T14:00:00Z,FINISHED,32,Everton FC,Burnley FC,1,0
2023,436257,2024-04-06T14:00:00Z,FINISHED,32,Fulham FC,Newcastle United FC,0,1
2023,436258,2024-04-06T14:00:00Z,FINISHED,32,Luton Town FC,AFC Bournemouth,2,1
2023,436262,2024-04-06T14:00:00Z,FINISHED,32,Wolverhampton Wanderers FC,West Ham United FC,1,2
2023,436254,2024-04-06T16:30:00Z,FINISHED,32,Brighton & Hove Albion FC,Arsenal FC,0,3
2023,436259,2024-04-07T14:30:00Z,FINISHED,32,Manchester United FC,Liverpool FC,2,2
2023,436260,2024-04-07T16:30:00Z,FINISHED,32,Sheffield United FC,Chelsea FC,2,2
2023,436261,2024-04-07T17:00:00Z,FINISHED,32,Tottenham Hotspur FC,Nottingham Forest FC,3,1
2023,436270,2024-04-13T11:30:00Z,FINISHED,33,Newcastle United FC,Tottenham Hotspur FC,4,0
2023,436265,2024-04-13T14:00:00Z,FINISHED,33,Brentford FC,Sheffield United FC,2,0
2023,436266,2024-04-13T14:00:00Z,FINISHED,33,Burnley FC,Brighton & Hove Albion FC,1,1
2023,436269,2024-04-13T14:00:00Z,FINISHED,33,Manchester City FC,Luton Town FC,5,1
2023,436271,2024-04-13T14:00:00Z,FINISHED,33,Nottingham Forest FC,Wolverhampton Wanderers FC,2,2
2023,436263,2024-04-13T16:30:00Z,FINISHED,33,AFC Bournemouth,Manchester United FC,2,2
2023,436268,2024-04-14T13:00:00Z,FINISHED,33,Liverpool FC,Crystal Palace FC,0,1
2023,436272,2024-04-14T13:00:00Z,FINISHED,33,West Ham United FC,Fulham FC,0,2
2023,436264,2024-04-14T15:30:00Z,FINISHED,33,Arsenal FC,Aston Villa FC,0,2
2023,436267,2024-04-15T19:00:00Z,FINISHED,33,Chelsea FC,Everton FC,6,0
2023,436278,2024-04-20T14:00:00Z,FINISHED,34,Luton Town FC,Brentford FC,1,5
2023,436280,2024-04-20T14:00:00Z,FINISHED,34,Sheffield United FC,Burnley FC,1,4
2023,436282,2024-04-20T18:30:00Z,FINISHED,34,Wolverhampton Wanderers FC,Arsenal FC,0,2
2023,436276,2024-04-21T12:30:00Z,FINISHED,34,Everton FC,Nottingham Forest FC,2,0
2023,436273,2024-04-21T14:00:00Z,FINISHED,34,Aston Villa FC,AFC Bournemouth,3,1
2023,436275,2024-04-21T14:00:00Z,FINISHED,34,Crystal Palace FC,West Ham United FC,5,2
2023,436277,2024-04-21T15:30:00Z,FINISHED,34,Fulham FC,Liverpool FC,1,3
2023,436223,2024-04-23T19:00:00Z,FINISHED,29,Arsenal FC,Chelsea FC,5,0
2023,436232,2024-04-24T18:45:00Z,FINISHED,29,Wolverhampton Wanderers FC,AFC Bournemouth,0,1
2023,436226,2024-04-24T19:00:00Z,FINISHED,29,Crystal Palace FC,Newcastle United FC,2,0
2023,436227,2024-04-24T19:00:00Z,FINISHED,29,Everton FC,Liverpool FC,2,0
2023,436230,2024-04-24T19:00:00Z,FINISHED,29,Manchester United FC,Sheffield United FC,4,2
2023,436224,2024-04-25T19:00:00Z,FINISHED,29,Brighton & Hove Albion FC,Manchester City FC,0,4
2023,436291,2024-04-27T11:30:00Z,FINISHED,35,West Ham United FC,Liverpool FC,2,2
2023,436286,2024-04-27T14:00:00Z,FINISHED,35,Fulham FC,Crystal Palace FC,1,1
2023,436287,2024-04-27T14:00:00Z,FINISHED,35,Manchester United FC,Burnley FC,1,1
2023,436288,2024-04-27T14:00:00Z,FINISHED,35,Newcastle United FC,Sheffield United FC,5,1
2023,436292,2024-04-27T14:00:00Z,FINISHED,35,Wolverhampton Wanderers FC,Luton Town FC,2,1
2023,436285,2024-04-27T16:30:00Z,FINISHED,35,Everton FC,Brentford FC,1,0
2023,436284,2024-04-27T19:00:00Z,FINISHED,35,Aston Villa FC,Chelsea FC,2,2
2023,436283,2024-04-28T13:00:00Z,FINISHED,35,AFC Bournemouth,Brighton & Hove Albion FC,3,0
2023,436290,2024-04-28T13:00:00Z,FINISHED,35,Tottenham Hotspur FC,Arsenal FC,2,3
2023,436289,2024-04-28T15:30:00Z,FINISHED,35,Nottingham Forest FC,Manchester City FC,0,2
2023,436197,2024-05-02T18:30:00Z,FINISHED,26,Chelsea FC,Tottenham Hotspur FC,2,0
2023,436300,2024-05-03T19:00:00Z,FINISHED,36,Luton Town FC,Everton FC,1,1
2023,436293,2024-05-04T11:30:00Z,FINISHED,36,Arsenal FC,AFC Bournemouth,3,0
2023,436294,2024-05-04T14:00:00Z,FINISHED,36,Brentford FC,Fulham FC,0,0
2023,436296,2024-05-04T14:00:00Z,FINISHED,36,Burnley FC,Newcastle United FC,1,4
2023,436302,2024-05-04T14:00:00Z,FINISHED,36,Sheffield United FC,Nottingham Forest FC,1,3
2023,436301,2024-05-04T16:30:00Z,FINISHED,36,Manchester City FC,Wolverhampton Wanderers FC,5,1
2023,436295,2024-05-05T13:00:00Z,FINISHED,36,Brighton & Hove Albion FC,Aston Villa FC,1,0
2023,436297,2024-05-05T13:00:00Z,FINISHED,36,Chelsea FC,West Ham United FC,5,0
2023,436299,2024-05-05T15:30:00Z,FINISHED,36,Liverpool FC,Tottenham Hotspur FC,4,2
2023,436298,2024-05-06T19:00:00Z,FINISHED,36,Crystal Palace FC,Manchester United FC,4,0
2023,436306,2024-05-11T11:30:00Z,FINISHED,37,Fulham FC,Manchester City FC,0,4
2023,436303,2024-05-11T14:00:00Z,FINISHED,37,AFC Bournemouth,Brentford FC,1,2
2023,436305,2024-05-11T14:00:00Z,FINISHED,37,Everton FC,Sheffield United FC,1,0
2023,436308,2024-05-11T14:00:00Z,FINISHED,37,Newcastle United FC,Brighton & Hove Albion FC,1,1
2023,436310,2024-05-11T14:00:00Z,FINISHED,37,Tottenham Hotspur FC,Burnley FC,2,1
2023,436311,2024-05-11T14:00:00Z,FINISHED,37,West Ham United FC,Luton Town FC,3,1
2023,436312,2024-05-11T14:00:00Z,FINISHED,37,Wolverhampton Wanderers FC,Crystal Palace FC,1,3
2023,436309,2024-05-11T16:30:00Z,FINISHED,37,Nottingham Forest FC,Chelsea FC,2,3
2023,436307,2024-05-12T15:30:00Z,FINISHED,37,Manchester United FC,Arsenal FC,0,1
2023,436304,2024-05-13T19:00:00Z,FINISHED,37,Aston Villa FC,Liverpool FC,3,3
2023,436281,2024-05-14T19:00:00Z,FINISHED,34,Tottenham Hotspur FC,Manchester City FC,0,2
2023,436274,2024-05-15T18:45:00Z,FINISHED,34,Brighton & Hove Albion FC,Chelsea FC,1,2
2023,436279,2024-05-15T19:00:00Z,FINISHED,34,Manchester United FC,Newcastle United FC,3,2
2023,436313,2024-05-19T15:00:00Z,FINISHED,38,Arsenal FC,Everton FC,2,1
2023,436314,2024-05-19T15:00:00Z,FINISHED,38,Brentford FC,Newcastle United FC,2,4
2023,436315,2024-05-19T15:00:00Z,FINISHED,38,Brighton & Hove Albion FC,Manchester United FC,0,2
2023,436316,2024-05-19T15:00:00Z,FINISHED,38,Burnley FC,Nottingham Forest FC,1,2
2023,436317,2024-05-19T15:00:00Z,FINISHED,38,Chelsea FC,AFC Bournemouth,2,1
2023,436318,2024-05-19T15:00:00Z,FINISHED,38,Crystal Palace FC,Aston Villa FC,5,0
2023,436319,2024-05-19T15:00:00Z,FINISHED,38,Liverpool FC,Wolverhampton Wanderers FC,2,0
2023,436320,2024-05-19T15:00:00Z,FINISHED,38,Luton Town FC,Fulham FC,2,4
2023,436321,2024-05-19T15:00:00Z,FINISHED,38,Manchester City FC,West Ham United FC,3,1
2023,436322,2024-05-19T15:00:00Z,FINISHED,38,Sheffield United FC,Tottenham Hotspur FC,0,3
2024,497410,2024-08-16T19:00:00Z,FINISHED,1,Manchester United FC,Fulham FC,1,0
2024,497411,2024-08-17T11:30:00Z,FINISHED,1,Ipswich Town FC,Liverpool FC,0,2
2024,497412,2024-08-17T14:00:00Z,FINISHED,1,Arsenal FC,Wolverhampton Wanderers FC,2,0
2024,497413,2024-08-17T14:00:00Z,FINISHED,1,Everton FC,Brighton & Hove Albion FC,0,3
2024,497414,2024-08-17T14:00:00Z,FINISHED,1,Newcastle United FC,Southampton FC,1,0
2024,497415,2024-08-17T14:00:00Z,FINISHED,1,Nottingham Forest FC,AFC Bournemouth,1,1
2024,497416,2024-08-17T16:30:00Z,FINISHED,1,West Ham United FC,Aston Villa FC,1,2
2024,497417,2024-08-18T13:00:00Z,FINISHED,1,Brentford FC,Crystal Palace FC,2,1
2024,497418,2024-08-18T15:30:00Z,FINISHED,1,Chelsea FC,Manchester City FC,0,2
2024,497419,2024-08-19T19:00:00Z,FINISHED,1,Leicester City FC,Tottenham Hotspur FC,1,1
2024,497422,2024-08-24T11:30:00Z,FINISHED,2,Brighton & Hove Albion FC,Manchester United FC,2,1
2024,497423,2024-08-24T14:00:00Z,FINISHED,2,Crystal Palace FC,West Ham United FC,0,2
2024,497424,2024-08-24T14:00:00Z,FINISHED,2,Fulham FC,Leicester City FC,2,1
2024,497426,2024-08-24T14:00:00Z,FINISHED,2,Manchester City FC,Ipswich Town FC,4,1
2024,497427,2024-08-24T14:00:00Z,FINISHED,2,Southampton FC,Nottingham Forest FC,0,1
2024,497428,2024-08-24T14:00:00Z,FINISHED,2,Tottenham Hotspur FC,Everton FC,4,0
2024,497421,2024-08-24T16:30:00Z,FINISHED,2,Aston Villa FC,Arsenal FC,0,2
2024,497420,2024-08-25T13:00:00Z,FINISHED,2,AFC Bournemouth,Newcastle United FC,1,1
2024,497429,2024-08-25T13:00:00Z,FINISHED,2,Wolverhampton Wanderers FC,Chelsea FC,2,6
2024,497425,2024-08-25T15:30:00Z,FINISHED,2,Liverpool FC,Brentford FC,2,0
2024,497430,2024-08-31T11:30:00Z,FINISHED,3,Arsenal FC,Brighton & Hove Albion FC,1,1
2024,497431,2024-08-31T14:00:00Z,FINISHED,3,Brentford FC,Southampton FC,3,1
2024,497433,2024-08-31T14:00:00Z,FINISHED,3,Everton FC,AFC Bournemouth,2,3
2024,497434,2024-08-31T14:00:00Z,FINISHED,3,Ipswich Town FC,Fulham FC,1,1
2024,497435,2024-08-31T14:00:00Z,FINISHED,3,Leicester City FC,Aston Villa FC,1,2
2024,497438,2024-08-31T14:00:00Z,FINISHED,3,Nottingham Forest FC,Wolverhampton Wanderers FC,1,1
2024,497439,2024-08-31T16:30:00Z,FINISHED,3,West Ham United FC,Manchester City FC,1,3
2024,497432,2024-09-01T12:30:00Z,FINISHED,3,Chelsea FC,Crystal Palace FC,1,1
2024,497437,2024-09-01T12:30:00Z,FINISHED,3,Newcastle United FC,Tottenham Hotspur FC,2,1
2024,497436,2024-09-01T15:00:00Z,FINISHED,3,Manchester United FC,Liverpool FC,0,3
2024,497447,2024-09-14T11:30:00Z,FINISHED,4,Southampton FC,Manchester United FC,0,3
2024,497442,2024-09-14T14:00:00Z,FINISHED,4,Brighton & Hove Albion FC,Ipswich Town FC,0,0
2024,497443,2024-09-14T14:00:00Z,FINISHED,4,Crystal Palace FC,Leicester City FC,2,2
2024,497444,2024-09-14T14:00:00Z,FINISHED,4,Fulham FC,West Ham United FC,1,1
2024,497445,2024-09-14T14:00:00Z,FINISHED,4,Liverpool FC,Nottingham Forest FC,0,1
2024,497446,2024-09-14T14:00:00Z,FINISHED,4,Manchester City FC,Brentford FC,2,1
2024,497441,2024-09-14T16:30:00Z,FINISHED,4,Aston Villa FC,Everton FC,3,2
2024,497440,2024-09-14T19:00:00Z,FINISHED,4,AFC Bournemouth,Chelsea FC,0,1
2024,497448,2024-09-15T13:00:00Z,FINISHED,4,Tottenham Hotspur FC,Arsenal FC,0,1
2024,497449,2024-09-15T15:30:00Z,FINISHED,4,Wolverhampton Wanderers FC,Newcastle United FC,1,2
2024,497459,2024-09-21T11:30:00Z,FINISHED,5,West Ham United FC,Chelsea FC,0,3
2024,497450,2024-09-21T14:00:00Z,FINISHED,5,Aston Villa FC,Wolverhampton Wanderers FC,3,1
2024,497453,2024-09-21T14:00:00Z,FINISHED,5,Fulham FC,Newcastle United FC,3,1
2024,497454,2024-09-21T14:00:00Z,FINISHED,5,Leicester City FC,Everton FC,1,1
2024,497455,2024-09-21T14:00:00Z,FINISHED,5,Liverpool FC,AFC Bournemouth,3,0
2024,497457,2024-09-21T14:00:00Z,FINISHED,5,Southampton FC,Ipswich Town FC,1,1
2024,497458,2024-09-21T14:00:00Z,FINISHED,5,Tottenham Hotspur FC,Brentford FC,3,1
2024,497452,2024-09-21T16:30:00Z,FINISHED,5,Crystal Palace FC,Manchester United FC,0,0
2024,497451,2024-09-22T13:00:00Z,FINISHED,5,Brighton & Hove Albion FC,Nottingham Forest FC,2,2
2024,497456,2024-09-22T15:30:00Z,FINISHED,5,Manchester City FC,Arsenal FC,2,2
2024,497467,2024-09-28T11:30:00Z,FINISHED,6,Newcastle United FC,Manchester City FC,1,1
2024,497461,2024-09-28T14:00:00Z,FINISHED,6,Arsenal FC,Leicester City FC,4,2
2024,497462,2024-09-28T14:00:00Z,FINISHED,6,Brentford FC,West Ham United FC,1,1
2024,497463,2024-09-28T14:00:00Z,FINISHED,6,Chelsea FC,Brighton & Hove Albion FC,4,2
2024,497464,2024-09-28T14:00:00Z,FINISHED,6,Everton FC,Crystal Palace FC,2,1
2024,497468,2024-09-28T14:00:00Z,FINISHED,6,Nottingham Forest FC,Fulham FC,0,1
2024,497469,2024-09-28T16:30:00Z,FINISHED,6,Wolverhampton Wanderers FC,Liverpool FC,1,2
2024,497465,2024-09-29T13:00:00Z,FINISHED,6,Ipswich Town FC,Aston Villa FC,2,2
2024,497466,2024-09-29T15:30:00Z,FINISHED,6,Manchester United FC,Tottenham Hotspur FC,0,3
2024,497460,2024-09-30T19:00:00Z,FINISHED,6,AFC Bournemouth,Southampton FC,3,1
2024,497475,2024-10-05T11:30:00Z,FINISHED,7,Crystal Palace FC,Liverpool FC,0,1
2024,497470,2024-10-05T14:00:00Z,FINISHED,7,Arsenal FC,Southampton FC,3,1
2024,497472,2024-10-05T14:00:00Z,FINISHED,7,Brentford FC,Wolverhampton Wanderers FC,5,3
2024,497477,2024-10-05T14:00:00Z,FINISHED,7,Leicester City FC,AFC Bournemouth,1,0
2024,497478,2024-10-05T14:00:00Z,FINISHED,7,Manchester City FC,Fulham FC,3,2
2024,497479,2024-10-05T14:00:00Z,FINISHED,7,West Ham United FC,Ipswich Town FC,4,1
2024,497476,2024-10-05T16:30:00Z,FINISHED,7,Everton FC,Newcastle United FC,0,0
2024,497471,2024-10-06T13:00:00Z,FINISHED,7,Aston Villa FC,Manchester United FC,0,0
2024,497474,2024-10-06T13:00:00Z,FINISHED,7,Chelsea FC,Nottingham Forest FC,1,1
2024,497473,2024-10-06T15:30:00Z,FINISHED,7,Brighton & Hove Albion FC,Tottenham Hotspur FC,3,2
2024,497488,2024-10-19T11:30:00Z,FINISHED,8,Tottenham Hotspur FC,West Ham United FC,4,1
2024,497481,2024-10-19T14:00:00Z,FINISHED,8,Fulham FC,Aston Villa FC,1,3
2024,497482,2024-10-19T14:00:00Z,FINISHED,8,Ipswich Town FC,Everton FC,0,2
2024,497484,2024-10-19T14:00:00Z,FINISHED,8,Manchester United FC,Brentford FC,2,1
2024,497485,2024-10-19T14:00:00Z,FINISHED,8,Newcastle United FC,Brighton & Hove Albion FC,0,1
2024,497487,2024-10-19T14:00:00Z,FINISHED,8,Southampton FC,Leicester City FC,2,3
2024,497480,2024-10-19T16:30:00Z,FINISHED,8,AFC Bournemouth,Arsenal FC,2,0
2024,497489,2024-10-20T13:00:00Z,FINISHED,8,Wolverhampton Wanderers FC,Manchester City FC,1,2
2024,497483,2024-10-20T15:30:00Z,FINISHED,8,Liverpool FC,Chelsea FC,2,1
2024,497486,2024-10-21T19:00:00Z,FINISHED,8,Nottingham Forest FC,Crystal Palace FC,1,0
2024,497497,2024-10-25T19:00:00Z,FINISHED,9,Leicester City FC,Nottingham Forest FC,1,3
2024,497491,2024-10-26T14:00:00Z,FINISHED,9,Aston Villa FC,AFC Bournemouth,1,1
2024,497492,2024-10-26T14:00:00Z,FINISHED,9,Brentford FC,Ipswich Town FC,4,3
2024,497493,2024-10-26T14:00:00Z,FINISHED,9,Brighton & Hove Albion FC,Wolverhampton Wanderers FC,2,2
2024,497498,2024-10-26T14:00:00Z,FINISHED,9,Manchester City FC,Southampton FC,1,0
2024,497496,2024-10-26T16:30:00Z,FINISHED,9,Everton FC,Fulham FC,1,1
2024,497494,2024-10-27T14:00:00Z,FINISHED,9,Chelsea FC,Newcastle United FC,2,1
2024,497495,2024-10-27T14:00:00Z,FINISHED,9,Crystal Palace FC,Tottenham Hotspur FC,1,0
2024,497499,2024-10-27T14:00:00Z,FINISHED,9,West Ham United FC,Manchester United FC,2,1
2024,497490,2024-10-27T16:30:00Z,FINISHED,9,Arsenal FC,Liverpool FC,2,2
2024,497505,2024-11-02T12:30:00Z,FINISHED,10,Newcastle United FC,Arsenal FC,1,0
2024,497500,2024-11-02T15:00:00Z,FINISHED,10,AFC Bournemouth,Manchester City FC,2,1
2024,497502,2024-11-02T15:00:00Z,FINISHED,10,Ipswich Town FC,Leicester City FC,1,1
2024,497503,2024-11-02T15:00:00Z,FINISHED,10,Liverpool FC,Brighton & Hove Albion FC,2,1
2024,497506,2024-11-02T15:00:00Z,FINISHED,10,Nottingham Forest FC,West Ham United FC,3,0
2024,497507,2024-11-02T15:00:00Z,FINISHED,10,Southampton FC,Everton FC,1,0
2024,497509,2024-11-02T17:30:00Z,FINISHED,10,Wolverhampton Wanderers FC,Crystal Palace FC,2,2
2024,497508,2024-11-03T14:00:00Z,FINISHED,10,Tottenham Hotspur FC,Aston Villa FC,4,1
2024,497504,2024-11-03T16:30:00Z,FINISHED,10,Manchester United FC,Chelsea FC,1,1
2024,497501,2024-11-04T20:00:00Z,FINISHED,10,Fulham FC,Brentford FC,2,1
2024,497510,2024-11-09T15:00:00Z,FINISHED,11,Brentford FC,AFC Bournemouth,3,2
2024,497513,2024-11-09T15:00:00Z,FINISHED,11,Crystal Palace FC,Fulham FC,0,2
2024,497518,2024-11-09T15:00:00Z,FINISHED,11,West Ham United FC,Everton FC,0,0
2024,497519,2024-11-09T15:00:00Z,FINISHED,11,Wolverhampton Wanderers FC,Southampton FC,2,0
2024,497511,2024-11-09T17:30:00Z,FINISHED,11,Brighton & Hove Albion FC,Manchester City FC,2,1
2024,497514,2024-11-09T20:00:00Z,FINISHED,11,Liverpool FC,Aston Villa FC,2,0
2024,497515,2024-11-10T14:00:00Z,FINISHED,11,Manchester United FC,Leicester City FC,3,0
2024,497516,2024-11-10T14:00:00Z,FINISHED,11,Nottingham Forest FC,Newcastle United FC,1,3
2024,497517,2024-11-10T14:00:00Z,FINISHED,11,Tottenham Hotspur FC,Ipswich Town FC,1,2
2024,497512,2024-11-10T16:30:00Z,FINISHED,11,Chelsea FC,Arsenal FC,1,1
2024,497526,2024-11-23T12:30:00Z,FINISHED,12,Leicester City FC,Chelsea FC,1,2
2024,497520,2024-11-23T15:00:00Z,FINISHED,12,AFC Bournemouth,Brighton & Hove Albion FC,1,2
2024,497521,2024-11-23T15:00:00Z,FINISHED,12,Arsenal FC,Nottingham Forest FC,3,0
2024,497522,2024-11-23T15:00:00Z,FINISHED,12,Aston Villa FC,Crystal Palace FC,2,2
2024,497523,2024-11-23T15:00:00Z,FINISHED,12,Everton FC,Brentford FC,0,0
2024,497524,2024-11-23T15:00:00Z,FINISHED,12,Fulham FC,Wolverhampton Wanderers FC,1,4
2024,497527,2024-11-23T17:30:00Z,FINISHED,12,Manchester City FC,Tottenham Hotspur FC,0,4
2024,497529,2024-11-24T14:00:00Z,FINISHED,12,Southampton FC,Liverpool FC,2,3
2024,497525,2024-11-24T16:30:00Z,FINISHED,12,Ipswich Town FC,Manchester United FC,1,1
2024,497528,2024-11-25T20:00:00Z,FINISHED,12,Newcastle United FC,West Ham United FC,0,2
2024,497531,2024-11-29T20:00:00Z,FINISHED,13,Brighton & Hove Albion FC,Southampton FC,1,1
2024,497530,2024-11-30T15:00:00Z,FINISHED,13,Brentford FC,Leicester City FC,4,1
2024,497533,2024-11-30T15:00:00Z,FINISHED,13,Crystal Palace FC,Newcastle United FC,1,1
2024,497536,2024-11-30T15:00:00Z,FINISHED,13,Nottingham Forest FC,Ipswich Town FC,1,0
2024,497539,2024-11-30T15:00:00Z,FINISHED,13,Wolverhampton Wanderers FC,AFC Bournemouth,2,4
2024,497538,2024-11-30T17:30:00Z,FINISHED,13,West Ham United FC,Arsenal FC,2,5
2024,497532,2024-12-01T13:30:00Z,FINISHED,13,Chelsea FC,Aston Villa FC,3,0
2024,497535,2024-12-01T13:30:00Z,FINISHED,13,Manchester United FC,Everton FC,4,0
2024,497537,2024-12-01T13:30:00Z,FINISHED,13,Tottenham Hotspur FC,Fulham FC,1,1
2024,497534,2024-12-01T16:00:00Z,FINISHED,13,Liverpool FC,Manchester City FC,2,0
2024,497545,2024-12-03T19:30:00Z,FINISHED,14,Ipswich Town FC,Crystal Palace FC,0,1
2024,497546,2024-12-03T20:15:00Z,FINISHED,14,Leicester City FC,West Ham United FC,3,1
2024,497543,2024-12-04T19:30:00Z,FINISHED,14,Everton FC,Wolverhampton Wanderers FC,4,0
2024,497547,2024-12-04T19:30:00Z,FINISHED,14,Manchester City FC,Nottingham Forest FC,3,0
2024,497548,2024-12-04T19:30:00Z,FINISHED,14,Newcastle United FC,Liverpool FC,3,3
2024,497549,2024-12-04T19:30:00Z,FINISHED,14,Southampton FC,Chelsea FC,1,5
2024,497541,2024-12-04T20:15:00Z,FINISHED,14,Arsenal FC,Manchester United FC,2,0
2024,497542,2024-12-04T20:15:00Z,FINISHED,14,Aston Villa FC,Brentford FC,3,1
2024,497544,2024-12-05T19:30:00Z,FINISHED,14,Fulham FC,Brighton & Hove Albion FC,3,1
2024,497540,2024-12-05T20:15:00Z,FINISHED,14,AFC Bournemouth,Tottenham Hotspur FC,1,0
2024,497550,2024-12-07T15:00:00Z,FINISHED,15,Aston Villa FC,Southampton FC,1,0
2024,497551,2024-12-07T15:00:00Z,FINISHED,15,Brentford FC,Newcastle United FC,4,2
2024,497552,2024-12-07T15:00:00Z,FINISHED,15,Crystal Palace FC,Manchester City FC,2,2
2024,497557,2024-12-07T17:30:00Z,FINISHED,15,Manchester United FC,Nottingham Forest FC,2,3
2024,497554,2024-12-08T14:00:00Z,FINISHED,15,Fulham FC,Arsenal FC,1,1
2024,497555,2024-12-08T14:00:00Z,FINISHED,15,Ipswich Town FC,AFC Bournemouth,1,2
2024,497556,2024-12-08T14:00:00Z,FINISHED,15,Leicester City FC,Brighton & Hove Albion FC,2,2
2024,497558,2024-12-08T16:30:00Z,FINISHED,15,Tottenham Hotspur FC,Chelsea FC,3,4
2024,497559,2024-12-09T20:00:00Z,FINISHED,15,West Ham United FC,Wolverhampton Wanderers FC,2,1
2024,497561,2024-12-14T15:00:00Z,FINISHED,16,Arsenal FC,Everton FC,0,0
2024,497564,2024-12-14T15:00:00Z,FINISHED,16,Liverpool FC,Fulham FC,2,2
2024,497566,2024-12-14T15:00:00Z,FINISHED,16,Newcastle United FC,Leicester City FC,4,0
2024,497569,2024-12-14T15:00:00Z,FINISHED,16,Wolverhampton Wanderers FC,Ipswich Town FC,1,2
2024,497567,2024-12-14T17:30:00Z,FINISHED,16,Nottingham Forest FC,Aston Villa FC,2,1
2024,497562,2024-12-15T14:00:00Z,FINISHED,16,Brighton & Hove Albion FC,Crystal Palace FC,1,3
2024,497565,2024-12-15T16:30:00Z,FINISHED,16,Manchester City FC,Manchester United FC,1,2
2024,497563,2024-12-15T19:00:00Z,FINISHED,16,Chelsea FC,Brentford FC,2,1
2024,497568,2024-12-15T19:00:00Z,FINISHED,16,Southampton FC,Tottenham Hotspur FC,0,5
2024,497560,2024-12-16T20:00:00Z,FINISHED,16,AFC Bournemouth,West Ham United FC,1,1
2024,497570,2024-12-21T12:30:00Z,FINISHED,17,Aston Villa FC,Manchester City FC,2,1
2024,497571,2024-12-21T15:00:00Z,FINISHED,17,Brentford FC,Nottingham Forest FC,0,2
2024,497575,2024-12-21T15:00:00Z,FINISHED,17,Ipswich Town FC,Newcastle United FC,0,4
2024,497579,2024-12-21T15:00:00Z,FINISHED,17,West Ham United FC,Brighton & Hove Albion FC,1,1
2024,497572,2024-12-21T17:30:00Z,FINISHED,17,Crystal Palace FC,Arsenal FC,1,5
2024,497573,2024-12-22T14:00:00Z,FINISHED,17,Everton FC,Chelsea FC,0,0
2024,497574,2024-12-22T14:00:00Z,FINISHED,17,Fulham FC,Southampton FC,0,0
2024,497576,2024-12-22T14:00:00Z,FINISHED,17,Leicester City FC,Wolverhampton Wanderers FC,0,3
2024,497577,2024-12-22T14:00:00Z,FINISHED,17,Manchester United FC,AFC Bournemouth,0,3
2024,497578,2024-12-22T16:30:00Z,FINISHED,17,Tottenham Hotspur FC,Liverpool FC,3,6
2024,497585,2024-12-26T12:30:00Z,FINISHED,18,Manchester City FC,Everton FC,1,1
2024,497580,2024-12-26T15:00:00Z,FINISHED,18,AFC Bournemouth,Crystal Palace FC,0,0
2024,497583,2024-12-26T15:00:00Z,FINISHED,18,Chelsea FC,Fulham FC,1,2
2024,497586,2024-12-26T15:00:00Z,FINISHED,18,Newcastle United FC,Aston Villa FC,3,0
2024,497587,2024-12-26T15:00:00Z,FINISHED,18,Nottingham Forest FC,Tottenham Hotspur FC,1,0
2024,497588,2024-12-26T15:00:00Z,FINISHED,18,Southampton FC,West Ham United FC,0,1
2024,497589,2024-12-26T17:30:00Z,FINISHED,18,Wolverhampton Wanderers FC,Manchester United FC,2,0
2024,497584,2024-12-26T20:00:00Z,FINISHED,18,Liverpool FC,Leicester City FC,3,1
2024,497582,2024-12-27T19:30:00Z,FINISHED,18,Brighton & Hove Albion FC,Brentford FC,0,0
2024,497581,2024-12-27T20:15:00Z,FINISHED,18,Arsenal FC,Ipswich Town FC,1,0
2024,497596,2024-12-29T14:30:00Z,FINISHED,19,Leicester City FC,Manchester City FC,0,2
2024,497592,2024-12-29T15:00:00Z,FINISHED,19,Crystal Palace FC,Southampton FC,2,1
2024,497593,2024-12-29T15:00:00Z,FINISHED,19,Everton FC,Nottingham Forest FC,0,2
2024,497594,2024-12-29T15:00:00Z,FINISHED,19,Fulham FC,AFC Bournemouth,2,2
2024,497598,2024-12-29T15:00:00Z,FINISHED,19,Tottenham Hotspur FC,Wolverhampton Wanderers FC,2,2
2024,497599,2024-12-29T17:15:00Z,FINISHED,19,West Ham United FC,Liverpool FC,0,5
2024,497590,2024-12-30T19:45:00Z,FINISHED,19,Aston Villa FC,Brighton & Hove Albion FC,2,2
2024,497595,2024-12-30T19:45:00Z,FINISHED,19,Ipswich Town FC,Chelsea FC,2,0
2024,497597,2024-12-30T20:00:00Z,FINISHED,19,Manchester United FC,Newcastle United FC,0,2
2024,497591,2025-01-01T17:30:00Z,FINISHED,19,Brentford FC,Arsenal FC,1,3
2024,497607,2025-01-04T12:30:00Z,FINISHED,20,Tottenham Hotspur FC,Newcastle United FC,1,2
2024,497601,2025-01-04T15:00:00Z,FINISHED,20,Southampton FC,Brentford FC,0,5
2024,497602,2025-01-04T15:00:00Z,FINISHED,20,Crystal Palace FC,Chelsea FC,1,1
2024,497603,2025-01-04T15:00:00Z,FINISHED,20,AFC Bournemouth,Everton FC,1,0
2024,497605,2025-01-04T15:00:00Z,FINISHED,20,Aston Villa FC,Leicester City FC,2,1
2024,497609,2025-01-04T15:00:00Z,FINISHED,20,Manchester City FC,West Ham United FC,4,1
2024,497600,2025-01-04T17:30:00Z,FINISHED,20,Brighton & Hove Albion FC,Arsenal FC,1,1
2024,497604,2025-01-05T14:00:00Z,FINISHED,20,Fulham FC,Ipswich Town FC,2,2
2024,497606,2025-01-05T16:30:00Z,FINISHED,20,Liverpool FC,Manchester United FC,2,2
2024,497608,2025-01-06T20:00:00Z,FINISHED,20,Wolverhampton Wanderers FC,Nottingham Forest FC,0,3
2024,497613,2025-01-14T19:30:00Z,FINISHED,21,West Ham United FC,Fulham FC,3,2
2024,497615,2025-01-14T19:30:00Z,FINISHED,21,Brentford FC,Manchester City FC,2,2
2024,497617,2025-01-14T19:30:00Z,FINISHED,21,Chelsea FC,AFC Bournemouth,2,2
2024,497614,2025-01-14T20:00:00Z,FINISHED,21,Nottingham Forest FC,Liverpool FC,1,1
2024,497610,2025-01-15T19:30:00Z,FINISHED,21,Everton FC,Aston Villa FC,0,1
2024,497612,2025-01-15T19:30:00Z,FINISHED,21,Leicester City FC,Crystal Palace FC,0,2
2024,497619,2025-01-15T19:30:00Z,FINISHED,21,Newcastle United FC,Wolverhampton Wanderers FC,3,0
2024,497616,2025-01-15T20:00:00Z,FINISHED,21,Arsenal FC,Tottenham Hotspur FC,2,1
2024,497611,2025-01-16T19:30:00Z,FINISHED,21,Ipswich Town FC,Brighton & Hove Albion FC,0,2
2024,497618,2025-01-16T20:00:00Z,FINISHED,21,Manchester United FC,Southampton FC,3,1
2024,497620,2025-01-18T12:30:00Z,FINISHED,22,Newcastle United FC,AFC Bournemouth,1,4
2024,497623,2025-01-18T15:00:00Z,FINISHED,22,West Ham United FC,Crystal Palace FC,0,2
2024,497624,2025-01-18T15:00:00Z,FINISHED,22,Leicester City FC,Fulham FC,0,2
2024,497625,2025-01-18T15:00:00Z,FINISHED,22,Brentford FC,Liverpool FC,0,2
2024,497621,2025-01-18T17:30:00Z,FINISHED,22,Arsenal FC,Aston Villa FC,2,2
2024,497622,2025-01-19T14:00:00Z,FINISHED,22,Manchester United FC,Brighton & Hove Albion FC,1,3
2024,497627,2025-01-19T14:00:00Z,FINISHED,22,Nottingham Forest FC,Southampton FC,3,2
2024,497628,2025-01-19T14:00:00Z,FINISHED,22,Everton FC,Tottenham Hotspur FC,3,2
2024,497626,2025-01-19T16:30:00Z,FINISHED,22,Ipswich Town FC,Manchester City FC,0,6
2024,497629,2025-01-20T20:00:00Z,FINISHED,22,Chelsea FC,Wolverhampton Wanderers FC,3,1
2024,497631,2025-01-25T15:00:00Z,FINISHED,23,Liverpool FC,Ipswich Town FC,4,1
2024,497632,2025-01-25T15:00:00Z,FINISHED,23,Wolverhampton Wanderers FC,Arsenal FC,0,1
2024,497633,2025-01-25T15:00:00Z,FINISHED,23,Brighton & Hove Albion FC,Everton FC,0,1
2024,497634,2025-01-25T15:00:00Z,FINISHED,23,Southampton FC,Newcastle United FC,1,3
2024,497635,2025-01-25T15:00:00Z,FINISHED,23,AFC Bournemouth,Nottingham Forest FC,5,0
2024,497638,2025-01-25T17:30:00Z,FINISHED,23,Manchester City FC,Chelsea FC,3,1
2024,497637,2025-01-26T14:00:00Z,FINISHED,23,Crystal Palace FC,Brentford FC,1,2
2024,497639,2025-01-26T14:00:00Z,FINISHED,23,Tottenham Hotspur FC,Leicester City FC,1,2
2024,497636,2025-01-26T16:30:00Z,FINISHED,23,Aston Villa FC,West Ham United FC,1,1
2024,497630,2025-01-26T19:00:00Z,FINISHED,23,Fulham FC,Manchester United FC,0,1
2024,497641,2025-02-01T12:30:00Z,FINISHED,24,Nottingham Forest FC,Brighton & Hove Albion FC,7,0
2024,497643,2025-02-01T15:00:00Z,FINISHED,24,Newcastle United FC,Fulham FC,1,2
2024,497644,2025-02-01T15:00:00Z,FINISHED,24,Everton FC,Leicester City FC,4,0
2024,497645,2025-02-01T15:00:00Z,FINISHED,24,AFC Bournemouth,Liverpool FC,0,2
2024,497647,2025-02-01T15:00:00Z,FINISHED,24,Ipswich Town FC,Southampton FC,1,2
2024,497640,2025-02-01T17:30:00Z,FINISHED,24,Wolverhampton Wanderers FC,Aston Villa FC,2,0
2024,497642,2025-02-02T14:00:00Z,FINISHED,24,Manchester United FC,Crystal Palace FC,0,2
2024,497648,2025-02-02T14:00:00Z,FINISHED,24,Brentford FC,Tottenham Hotspur FC,0,2
2024,497646,2025-02-02T16:30:00Z,FINISHED,24,Arsenal FC,Manchester City FC,5,1
2024,497649,2025-02-03T20:00:00Z,FINISHED,24,Chelsea FC,West Ham United FC,2,1
2024,497553,2025-02-12T19:30:00Z,FINISHED,15,Everton FC,Liverpool FC,2,2
2024,497653,2025-02-14T20:00:00Z,FINISHED,25,Brighton & Hove Albion FC,Chelsea FC,3,0
2024,497651,2025-02-15T12:30:00Z,FINISHED,25,Leicester City FC,Arsenal FC,0,2
2024,497650,2025-02-15T15:00:00Z,FINISHED,25,Southampton FC,AFC Bournemouth,1,3
2024,497652,2025-02-15T15:00:00Z,FINISHED,25,West Ham United FC,Brentford FC,0,1
2024,497655,2025-02-15T15:00:00Z,FINISHED,25,Aston Villa FC,Ipswich Town FC,1,1
2024,497657,2025-02-15T15:00:00Z,FINISHED,25,Manchester City FC,Newcastle United FC,4,0
2024,497658,2025-02-15T15:00:00Z,FINISHED,25,Fulham FC,Nottingham Forest FC,2,1
2024,497654,2025-02-15T17:30:00Z,FINISHED,25,Crystal Palace FC,Everton FC,1,2
2024,497659,2025-02-16T14:00:00Z,FINISHED,25,Liverpool FC,Wolverhampton Wanderers FC,2,1
2024,497656,2025-02-16T16:30:00Z,FINISHED,25,Tottenham Hotspur FC,Manchester United FC,1,0
2024,497692,2025-02-19T19:30:00Z,FINISHED,29,Aston Villa FC,Liverpool FC,2,2
2024,497660,2025-02-21T20:00:00Z,FINISHED,26,Leicester City FC,Brentford FC,0,4
2024,497665,2025-02-22T12:30:00Z,FINISHED,26,Everton FC,Manchester United FC,2,2
2024,497666,2025-02-22T15:00:00Z,FINISHED,26,Ipswich Town FC,Tottenham Hotspur FC,1,4
2024,497667,2025-02-22T15:00:00Z,FINISHED,26,Fulham FC,Crystal Palace FC,0,2
2024,497668,2025-02-22T15:00:00Z,FINISHED,26,Arsenal FC,West Ham United FC,0,1
2024,497669,2025-02-22T15:00:00Z,FINISHED,26,AFC Bournemouth,Wolverhampton Wanderers FC,0,1
2024,497661,2025-02-22T15:00:00Z,FINISHED,26,Southampton FC,Brighton & Hove Albion FC,0,4
2024,497662,2025-02-22T17:30:00Z,FINISHED,26,Aston Villa FC,Chelsea FC,2,1
2024,497663,2025-02-23T14:00:00Z,FINISHED,26,Newcastle United FC,Nottingham Forest FC,4,3
2024,497664,2025-02-23T16:30:00Z,FINISHED,26,Manchester City FC,Liverpool FC,0,2
2024,497670,2025-02-25T19:30:00Z,FINISHED,27,Brighton & Hove Albion FC,AFC Bournemouth,2,1
2024,497672,2025-02-25T19:30:00Z,FINISHED,27,Crystal Palace FC,Aston Villa FC,4,1
2024,497674,2025-02-25T19:30:00Z,FINISHED,27,Wolverhampton Wanderers FC,Fulham FC,1,2
2024,497678,2025-02-25T20:15:00Z,FINISHED,27,Chelsea FC,Southampton FC,4,0
2024,497671,2025-02-26T19:30:00Z,FINISHED,27,Nottingham Forest FC,Arsenal FC,0,0
2024,497673,2025-02-26T19:30:00Z,FINISHED,27,Brentford FC,Everton FC,1,1
2024,497675,2025-02-26T19:30:00Z,FINISHED,27,Tottenham Hotspur FC,Manchester City FC,0,1
2024,497677,2025-02-26T19:30:00Z,FINISHED,27,Manchester United FC,Ipswich Town FC,3,2
2024,497679,2025-02-26T20:15:00Z,FINISHED,27,Liverpool FC,Newcastle United FC,2,0
2024,497676,2025-02-27T20:00:00Z,FINISHED,27,West Ham United FC,Leicester City FC,2,0
2024,497687,2025-03-08T12:30:00Z,FINISHED,28,Nottingham Forest FC,Manchester City FC,1,0
2024,497684,2025-03-08T15:00:00Z,FINISHED,28,Brighton & Hove Albion FC,Fulham FC,2,1
2024,497685,2025-03-08T15:00:00Z,FINISHED,28,Crystal Palace FC,Ipswich Town FC,1,0
2024,497688,2025-03-08T15:00:00Z,FINISHED,28,Liverpool FC,Southampton FC,3,1
2024,497682,2025-03-08T17:30:00Z,FINISHED,28,Brentford FC,Aston Villa FC,0,1
2024,497683,2025-03-08T20:00:00Z,FINISHED,28,Wolverhampton Wanderers FC,Everton FC,1,1
2024,497680,2025-03-09T14:00:00Z,FINISHED,28,Tottenham Hotspur FC,AFC Bournemouth,2,2
2024,497689,2025-03-09T14:00:00Z,FINISHED,28,Chelsea FC,Leicester City FC,1,0
2024,497681,2025-03-09T16:30:00Z,FINISHED,28,Manchester United FC,Arsenal FC,1,1
2024,497686,2025-03-10T20:00:00Z,FINISHED,28,West Ham United FC,Newcastle United FC,0,1
2024,497693,2025-03-15T15:00:00Z,FINISHED,29,Everton FC,West Ham United FC,1,1
2024,497695,2025-03-15T15:00:00Z,FINISHED,29,Ipswich Town FC,Nottingham Forest FC,2,4
2024,497697,2025-03-15T15:00:00Z,FINISHED,29,Manchester City FC,Brighton & Hove Albion FC,2,2
2024,497699,2025-03-15T15:00:00Z,FINISHED,29,Southampton FC,Wolverhampton Wanderers FC,1,2
2024,497690,2025-03-15T17:30:00Z,FINISHED,29,AFC Bournemouth,Brentford FC,1,2
2024,497691,2025-03-16T13:30:00Z,FINISHED,29,Arsenal FC,Chelsea FC,1,0
2024,497694,2025-03-16T13:30:00Z,FINISHED,29,Fulham FC,Tottenham Hotspur FC,2,0
2024,497696,2025-03-16T19:00:00Z,FINISHED,29,Leicester City FC,Manchester United FC,0,3
2024,497701,2025-04-01T18:45:00Z,FINISHED,30,Arsenal FC,Fulham FC,2,1
2024,497704,2025-04-01T18:45:00Z,FINISHED,30,Wolverhampton Wanderers FC,West Ham United FC,1,0
2024,497703,2025-04-01T19:00:00Z,FINISHED,30,Nottingham Forest FC,Manchester United FC,1,0
2024,497700,2025-04-02T18:45:00Z,FINISHED,30,AFC Bournemouth,Ipswich Town FC,1,2
2024,497702,2025-04-02T18:45:00Z,FINISHED,30,Brighton & Hove Albion FC,Aston Villa FC,0,3
2024,497706,2025-04-02T18:45:00Z,FINISHED,30,Manchester City FC,Leicester City FC,2,0
2024,497707,2025-04-02T18:45:00Z,FINISHED,30,Newcastle United FC,Brentford FC,2,1
2024,497708,2025-04-02T18:45:00Z,FINISHED,30,Southampton FC,Crystal Palace FC,1,1
2024,497709,2025-04-02T19:00:00Z,FINISHED,30,Liverpool FC,Everton FC,1,0
2024,497705,2025-04-03T19:00:00Z,FINISHED,30,Chelsea FC,Tottenham Hotspur FC,1,0
2024,497713,2025-04-05T11:30:00Z,FINISHED,31,Everton FC,Arsenal FC,1,1
2024,497712,2025-04-05T14:00:00Z,FINISHED,31,Crystal Palace FC,Brighton & Hove Albion FC,2,1
2024,497715,2025-04-05T14:00:00Z,FINISHED,31,Ipswich Town FC,Wolverhampton Wanderers FC,1,2
2024,497719,2025-04-05T14:00:00Z,FINISHED,31,West Ham United FC,AFC Bournemouth,2,2
2024,497710,2025-04-05T16:30:00Z,FINISHED,31,Aston Villa FC,Nottingham Forest FC,2,1
2024,497711,2025-04-06T13:00:00Z,FINISHED,31,Brentford FC,Chelsea FC,0,0
2024,497714,2025-04-06T13:00:00Z,FINISHED,31,Fulham FC,Liverpool FC,3,2
2024,497718,2025-04-06T13:00:00Z,FINISHED,31,Tottenham Hotspur FC,Southampton FC,3,1
2024,497717,2025-04-06T15:30:00Z,FINISHED,31,Manchester United FC,Manchester City FC,0,0
2024,497716,2025-04-07T19:00:00Z,FINISHED,31,Leicester City FC,Newcastle United FC,0,3
2024,497725,2025-04-12T11:30:00Z,FINISHED,32,Manchester City FC,Crystal Palace FC,5,2
2024,497722,2025-04-12T14:00:00Z,FINISHED,32,Brighton & Hove Albion FC,Leicester City FC,2,2
2024,497727,2025-04-12T14:00:00Z,FINISHED,32,Nottingham Forest FC,Everton FC,0,1
2024,497728,2025-04-12T14:00:00Z,FINISHED,32,Southampton FC,Aston Villa FC,0,3
2024,497721,2025-04-12T16:30:00Z,FINISHED,32,Arsenal FC,Brentford FC,1,1
2024,497723,2025-04-13T13:00:00Z,FINISHED,32,Chelsea FC,Ipswich Town FC,2,2
2024,497724,2025-04-13T13:00:00Z,FINISHED,32,Liverpool FC,West Ham United FC,2,1
2024,497729,2025-04-13T13:00:00Z,FINISHED,32,Wolverhampton Wanderers FC,Tottenham Hotspur FC,4,2
2024,497726,2025-04-13T15:30:00Z,FINISHED,32,Newcastle United FC,Manchester United FC,4,1
2024,497720,2025-04-14T19:00:00Z,FINISHED,32,AFC Bournemouth,Fulham FC,1,0
2024,497698,2025-04-16T18:30:00Z,FINISHED,29,Newcastle United FC,Crystal Palace FC,5,0
2024,497731,2025-04-19T14:00:00Z,FINISHED,33,Brentford FC,Brighton & Hove Albion FC,4,2
2024,497732,2025-04-19T14:00:00Z,FINISHED,33,Crystal Palace FC,AFC Bournemouth,0,0
2024,497733,2025-04-19T14:00:00Z,FINISHED,33,Everton FC,Manchester City FC,0,2
2024,497739,2025-04-19T14:00:00Z,FINISHED,33,West Ham United FC,Southampton FC,1,1
2024,497730,2025-04-19T16:30:00Z,FINISHED,33,Aston Villa FC,Newcastle United FC,4,1
2024,497734,2025-04-20T13:00:00Z,FINISHED,33,Fulham FC,Chelsea FC,1,2
2024,497735,2025-04-20T13:00:00Z,FINISHED,33,Ipswich Town FC,Arsenal FC,0,4
2024,497737,2025-04-20T13:00:00Z,FINISHED,33,Manchester United FC,Wolverhampton Wanderers FC,0,1
2024,497736,2025-04-20T15:30:00Z,FINISHED,33,Leicester City FC,Liverpool FC,0,1
2024,497738,2025-04-21T19:00:00Z,FINISHED,33,Tottenham Hotspur FC,Nottingham Forest FC,1,2
2024,497745,2025-04-22T19:00:00Z,FINISHED,34,Manchester City FC,Aston Villa FC,2,1
2024,497741,2025-04-23T19:00:00Z,FINISHED,34,Arsenal FC,Crystal Palace FC,2,2
2024,497743,2025-04-26T11:30:00Z,FINISHED,34,Chelsea FC,Everton FC,1,0
2024,497742,2025-04-26T14:00:00Z,FINISHED,34,Brighton & Hove Albion FC,West Ham United FC,3,2
2024,497746,2025-04-26T14:00:00Z,FINISHED,34,Newcastle United FC,Ipswich Town FC,3,0
2024,497748,2025-04-26T14:00:00Z,FINISHED,34,Southampton FC,Fulham FC,1,2
2024,497749,2025-04-26T14:00:00Z,FINISHED,34,Wolverhampton Wanderers FC,Leicester City FC,3,0
2024,497740,2025-04-27T13:00:00Z,FINISHED,34,AFC Bournemouth,Manchester United FC,1,1
2024,497744,2025-04-27T15:30:00Z,FINISHED,34,Liverpool FC,Tottenham Hotspur FC,5,1
2024,497747,2025-05-01T18:30:00Z,FINISHED,34,Nottingham Forest FC,Brentford FC,0,2
2024,497758,2025-05-02T19:00:00Z,FINISHED,35,Manchester City FC,Wolverhampton Wanderers FC,1,0
2024,497751,2025-05-03T11:30:00Z,FINISHED,35,Aston Villa FC,Fulham FC,1,0
2024,497756,2025-05-03T14:00:00Z,FINISHED,35,Everton FC,Ipswich Town FC,2,2
2024,497757,2025-05-03T14:00:00Z,FINISHED,35,Leicester City FC,Southampton FC,2,0
2024,497750,2025-05-03T16:30:00Z,FINISHED,35,Arsenal FC,AFC Bournemouth,1,2
2024,497752,2025-05-04T13:00:00Z,FINISHED,35,Brentford FC,Manchester United FC,4,3
2024,497753,2025-05-04T13:00:00Z,FINISHED,35,Brighton & Hove Albion FC,Newcastle United FC,1,1
2024,497759,2025-05-04T13:00:00Z,FINISHED,35,West Ham United FC,Tottenham Hotspur FC,1,1
2024,497754,2025-05-04T15:30:00Z,FINISHED,35,Chelsea FC,Liverpool FC,3,1
2024,497755,2025-05-05T19:00:00Z,FINISHED,35,Crystal Palace FC,Nottingham Forest FC,1,1
2024,497761,2025-05-10T14:00:00Z,FINISHED,36,Fulham FC,Everton FC,1,3
2024,497762,2025-05-10T14:00:00Z,FINISHED,36,Ipswich Town FC,Brentford FC,0,1
2024,497767,2025-05-10T14:00:00Z,FINISHED,36,Southampton FC,Manchester City FC,0,0
2024,497769,2025-05-10T14:00:00Z,FINISHED,36,Wolverhampton Wanderers FC,Brighton & Hove Albion FC,0,2
2024,497760,2025-05-10T16:30:00Z,FINISHED,36,AFC Bournemouth,Aston Villa FC,0,1
2024,497765,2025-05-11T11:00:00Z,FINISHED,36,Newcastle United FC,Chelsea FC,2,0
2024,497764,2025-05-11T13:15:00Z,FINISHED,36,Manchester United FC,West Ham United FC,0,2
2024,497766,2025-05-11T13:15:00Z,FINISHED,36,Nottingham Forest FC,Leicester City FC,2,2
2024,497768,2025-05-11T13:15:00Z,FINISHED,36,Tottenham Hotspur FC,Crystal Palace FC,0,2
2024,497763,2025-05-11T15:30:00Z,FINISHED,36,Liverpool FC,Arsenal FC,2,2
2024,497771,2025-05-16T18:30:00Z,FINISHED,37,Aston Villa FC,Tottenham Hotspur FC,2,0
2024,497774,2025-05-16T19:15:00Z,FINISHED,37,Chelsea FC,Manchester United FC,1,0
2024,497776,2025-05-18T11:00:00Z,FINISHED,37,Everton FC,Southampton FC,2,0
2024,497779,2025-05-18T13:15:00Z,FINISHED,37,West Ham United FC,Nottingham Forest FC,1,2
2024,497772,2025-05-18T14:00:00Z,FINISHED,37,Brentford FC,Fulham FC,2,3
2024,497777,2025-05-18T14:00:00Z,FINISHED,37,Leicester City FC,Ipswich Town FC,2,0
2024,497770,2025-05-18T15:30:00Z,FINISHED,37,Arsenal FC,Newcastle United FC,1,0
2024,497773,2025-05-19T19:00:00Z,FINISHED,37,Brighton & Hove Albion FC,Liverpool FC,3,2
2024,497775,2025-05-20T19:00:00Z,FINISHED,37,Crystal Palace FC,Wolverhampton Wanderers FC,4,2
2024,497778,2025-05-20T19:00:00Z,FINISHED,37,Manchester City FC,AFC Bournemouth,3,1
2024,497780,2025-05-25T15:00:00Z,FINISHED,38,AFC Bournemouth,Leicester City FC,2,0
2024,497781,2025-05-25T15:00:00Z,FINISHED,38,Fulham FC,Manchester City FC,0,2
2024,497782,2025-05-25T15:00:00Z,FINISHED,38,Ipswich Town FC,West Ham United FC,1,3
2024,497783,2025-05-25T15:00:00Z,FINISHED,38,Liverpool FC,Crystal Palace FC,1,1
2024,497784,2025-05-25T15:00:00Z,FINISHED,38,Manchester United FC,Aston Villa FC,2,0
2024,497785,2025-05-25T15:00:00Z,FINISHED,38,Newcastle United FC,Everton FC,0,1
2024,497786,2025-05-25T15:00:00Z,FINISHED,38,Nottingham Forest FC,Chelsea FC,0,1
2024,497787,2025-05-25T15:00:00Z,FINISHED,38,Southampton FC,Arsenal FC,1,2
2024,497788,2025-05-25T15:00:00Z,FINISHED,38,Tottenham Hotspur FC,Brighton & Hove Albion FC,1,4
2024,497789,2025-05-25T15:00:00Z,FINISHED,38,Wolverhampton Wanderers FC,Brentford FC,1,1
2025,537785,2025-08-15T19:00:00Z,FINISHED,1,Liverpool FC,AFC Bournemouth,4,2
2025,537786,2025-08-16T11:30:00Z,FINISHED,1,Aston Villa FC,Newcastle United FC,0,0
2025,537787,2025-08-16T14:00:00Z,FINISHED,1,Brighton & Hove Albion FC,Fulham FC,1,1
2025,537789,2025-08-16T14:00:00Z,FINISHED,1,Sunderland AFC,West Ham United FC,3,0
2025,537790,2025-08-16T14:00:00Z,FINISHED,1,Tottenham Hotspur FC,Burnley FC,3,0
2025,537791,2025-08-16T16:30:00Z,FINISHED,1,Wolverhampton Wanderers FC,Manchester City FC,0,4
2025,537788,2025-08-17T13:00:00Z,FINISHED,1,Nottingham Forest FC,Brentford FC,3,1
2025,537792,2025-08-17T13:00:00Z,FINISHED,1,Chelsea FC,Crystal Palace FC,0,0
2025,537793,2025-08-17T15:30:00Z,FINISHED,1,Manchester United FC,Arsenal FC,0,1
2025,537794,2025-08-18T19:00:00Z,FINISHED,1,Leeds United FC,Everton FC,1,0
2025,537804,2025-08-22T19:00:00Z,FINISHED,2,West Ham United FC,Chelsea FC,1,5
2025,537802,2025-08-23T11:30:00Z,FINISHED,2,Manchester City FC,Tottenham Hotspur FC,0,2
2025,537795,2025-08-23T14:00:00Z,FINISHED,2,AFC Bournemouth,Wolverhampton Wanderers FC,1,0
2025,537798,2025-08-23T14:00:00Z,FINISHED,2,Brentford FC,Aston Villa FC,1,0
2025,537799,2025-08-23T14:00:00Z,FINISHED,2,Burnley FC,Sunderland AFC,2,0
2025,537797,2025-08-23T16:30:00Z,FINISHED,2,Arsenal FC,Leeds United FC,5,0
2025,537796,2025-08-24T13:00:00Z,FINISHED,2,Crystal Palace FC,Nottingham Forest FC,1,1
2025,537800,2025-08-24T13:00:00Z,FINISHED,2,Everton FC,Brighton & Hove Albion FC,2,0
2025,537801,2025-08-24T15:30:00Z,FINISHED,2,Fulham FC,Manchester United FC,1,1
2025,537803,2025-08-25T19:00:00Z,FINISHED,2,Newcastle United FC,Liverpool FC,2,3
2025,537808,2025-08-30T11:30:00Z,FINISHED,3,Chelsea FC,Fulham FC,2,0
2025,537805,2025-08-30T14:00:00Z,FINISHED,3,Sunderland AFC,Brentford FC,2,1
2025,537811,2025-08-30T14:00:00Z,FINISHED,3,Manchester United FC,Burnley FC,3,2
2025,537813,2025-08-30T14:00:00Z,FINISHED,3,Tottenham Hotspur FC,AFC Bournemouth,0,1
2025,537814,2025-08-30T14:00:00Z,FINISHED,3,Wolverhampton Wanderers FC,Everton FC,2,3
2025,537810,2025-08-30T16:30:00Z,FINISHED,3,Leeds United FC,Newcastle United FC,0,0
2025,537807,2025-08-31T13:00:00Z,FINISHED,3,Brighton & Hove Albion FC,Manchester City FC,2,1
2025,537812,2025-08-31T13:00:00Z,FINISHED,3,Nottingham Forest FC,West Ham United FC,0,3
2025,537809,2025-08-31T15:30:00Z,FINISHED,3,Liverpool FC,Arsenal FC,1,0
2025,537806,2025-08-31T18:00:00Z,FINISHED,3,Aston Villa FC,Crystal Palace FC,0,3
2025,537817,2025-09-13T11:30:00Z,FINISHED,4,Arsenal FC,Nottingham Forest FC,3,0
2025,537815,2025-09-13T14:00:00Z,FINISHED,4,AFC Bournemouth,Brighton & Hove Albion FC,2,1
2025,537816,2025-09-13T14:00:00Z,FINISHED,4,Crystal Palace FC,Sunderland AFC,0,0
2025,537820,2025-09-13T14:00:00Z,FINISHED,4,Everton FC,Aston Villa FC,0,0
2025,537821,2025-09-13T14:00:00Z,FINISHED,4,Fulham FC,Leeds United FC,1,0
2025,537823,2025-09-13T14:00:00Z,FINISHED,4,Newcastle United FC,Wolverhampton Wanderers FC,1,0
2025,537824,2025-09-13T16:30:00Z,FINISHED,4,West Ham United FC,Tottenham Hotspur FC,0,3
2025,537818,2025-09-13T19:00:00Z,FINISHED,4,Brentford FC,Chelsea FC,2,2
2025,537819,2025-09-14T13:00:00Z,FINISHED,4,Burnley FC,Liverpool FC,0,1
2025,537822,2025-09-14T15:30:00Z,FINISHED,4,Manchester City FC,Manchester United FC,3,0
2025,537831,2025-09-20T11:30:00Z,FINISHED,5,Liverpool FC,Everton FC,2,1
2025,537827,2025-09-20T14:00:00Z,FINISHED,5,Brighton & Hove Albion FC,Tottenham Hotspur FC,2,2
2025,537829,2025-09-20T14:00:00Z,FINISHED,5,Burnley FC,Nottingham Forest FC,1,1
2025,537833,2025-09-20T14:00:00Z,FINISHED,5,West Ham United FC,Crystal Palace FC,1,2
2025,537834,2025-09-20T14:00:00Z,FINISHED,5,Wolverhampton Wanderers FC,Leeds United FC,1,3
2025,537832,2025-09-20T16:30:00Z,FINISHED,5,Manchester United FC,Chelsea FC,2,1
2025,537830,2025-09-20T19:00:00Z,FINISHED,5,Fulham FC,Brentford FC,3,1
2025,537825,2025-09-21T13:00:00Z,FINISHED,5,AFC Bournemouth,Newcastle United FC,0,0
2025,537826,2025-09-21T13:00:00Z,FINISHED,5,Sunderland AFC,Aston Villa FC,1,1
2025,537828,2025-09-21T15:30:00Z,FINISHED,5,Arsenal FC,Manchester City FC,1,1
2025,537837,2025-09-27T11:30:00Z,FINISHED,6,Brentford FC,Manchester United FC,3,1
2025,537836,2025-09-27T14:00:00Z,FINISHED,6,Crystal Palace FC,Liverpool FC,2,1
2025,537838,2025-09-27T14:00:00Z,FINISHED,6,Chelsea FC,Brighton & Hove Albion FC,1,3
2025,537840,2025-09-27T14:00:00Z,FINISHED,6,Leeds United FC,AFC Bournemouth,2,2
2025,537841,2025-09-27T14:00:00Z,FINISHED,6,Manchester City FC,Burnley FC,5,1
2025,537843,2025-09-27T16:30:00Z,FINISHED,6,Nottingham Forest FC,Sunderland AFC,0,1
2025,537844,2025-09-27T19:00:00Z,FINISHED,6,Tottenham Hotspur FC,Wolverhampton Wanderers FC,1,1
2025,537835,2025-09-28T13:00:00Z,FINISHED,6,Aston Villa FC,Fulham FC,3,1
2025,537842,2025-09-28T15:30:00Z,FINISHED,6,Newcastle United FC,Arsenal FC,1,2
2025,537839,2025-09-29T19:00:00Z,FINISHED,6,Everton FC,West Ham United FC,1,1
2025,537845,2025-10-03T19:00:00Z,FINISHED,7,AFC Bournemouth,Fulham FC,3,1
2025,537851,2025-10-04T11:30:00Z,FINISHED,7,Leeds United FC,Tottenham Hotspur FC,1,2
2025,537847,2025-10-04T14:00:00Z,FINISHED,7,Arsenal FC,West Ham United FC,2,0
2025,537852,2025-10-04T14:00:00Z,FINISHED,7,Manchester United FC,Sunderland AFC,2,0
2025,537849,2025-10-04T16:30:00Z,FINISHED,7,Chelsea FC,Liverpool FC,2,1
2025,537846,2025-10-05T13:00:00Z,FINISHED,7,Aston Villa FC,Burnley FC,2,1
2025,537850,2025-10-05T13:00:00Z,FINISHED,7,Everton FC,Crystal Palace FC,2,1
2025,537853,2025-10-05T13:00:00Z,FINISHED,7,Newcastle United FC,Nottingham Forest FC,2,0
2025,537854,2025-10-05T13:00:00Z,FINISHED,7,Wolverhampton Wanderers FC,Brighton & Hove Albion FC,1,1
2025,537848,2025-10-05T15:30:00Z,FINISHED,7,Brentford FC,Manchester City FC,0,1
2025,537862,2025-10-18T11:30:00Z,FINISHED,8,Nottingham Forest FC,Chelsea FC,0,3
2025,537856,2025-10-18T14:00:00Z,FINISHED,8,Brighton & Hove Albion FC,Newcastle United FC,2,1
2025,537857,2025-10-18T14:00:00Z,FINISHED,8,Crystal Palace FC,AFC Bournemouth,3,3
2025,537858,2025-10-18T14:00:00Z,FINISHED,8,Burnley FC,Leeds United FC,2,0
2025,537861,2025-10-18T14:00:00Z,FINISHED,8,Manchester City FC,Everton FC,2,0
2025,537855,2025-10-18T14:00:00Z,FINISHED,8,Sunderland AFC,Wolverhampton Wanderers FC,2,0
2025,537859,2025-10-18T16:30:00Z,FINISHED,8,Fulham FC,Arsenal FC,0,1
2025,537863,2025-10-19T13:00:00Z,FINISHED,8,Tottenham Hotspur FC,Aston Villa FC,1,2
2025,537860,2025-10-19T15:30:00Z,FINISHED,8,Liverpool FC,Manchester United FC,1,2
2025,537864,2025-10-20T19:00:00Z,FINISHED,8,West Ham United FC,Brentford FC,0,2
2025,537871,2025-10-24T19:00:00Z,FINISHED,9,Leeds United FC,West Ham United FC,2,1
2025,537869,2025-10-25T14:00:00Z,FINISHED,9,Chelsea FC,Sunderland AFC,1,2
2025,537873,2025-10-25T14:00:00Z,FINISHED,9,Newcastle United FC,Fulham FC,2,1
2025,537872,2025-10-25T16:30:00Z,FINISHED,9,Manchester United FC,Brighton & Hove Albion FC,4,2
2025,537868,2025-10-25T19:00:00Z,FINISHED,9,Brentford FC,Liverpool FC,3,2
2025,537865,2025-10-26T14:00:00Z,FINISHED,9,AFC Bournemouth,Nottingham Forest FC,2,0
2025,537866,2025-10-26T14:00:00Z,FINISHED,9,Aston Villa FC,Manchester City FC,1,0
2025,537867,2025-10-26T14:00:00Z,FINISHED,9,Arsenal FC,Crystal Palace FC,1,0
2025,537874,2025-10-26T14:00:00Z,FINISHED,9,Wolverhampton Wanderers FC,Burnley FC,2,3
2025,537870,2025-10-26T16:30:00Z,FINISHED,9,Everton FC,Tottenham Hotspur FC,0,3
2025,537876,2025-11-01T15:00:00Z,FINISHED,10,Brighton & Hove Albion FC,Leeds United FC,3,0
2025,537877,2025-11-01T15:00:00Z,FINISHED,10,Crystal Palace FC,Brentford FC,2,0
2025,537878,2025-11-01T15:00:00Z,FINISHED,10,Burnley FC,Arsenal FC,0,2
2025,537879,2025-11-01T15:00:00Z,FINISHED,10,Fulham FC,Wolverhampton Wanderers FC,3,0
2025,537882,2025-11-01T15:00:00Z,FINISHED,10,Nottingham Forest FC,Manchester United FC,2,2
2025,537883,2025-11-01T17:30:00Z,FINISHED,10,Tottenham Hotspur FC,Chelsea FC,0,1
2025,537880,2025-11-01T20:00:00Z,FINISHED,10,Liverpool FC,Aston Villa FC,2,0
2025,537884,2025-11-02T14:00:00Z,FINISHED,10,West Ham United FC,Newcastle United FC,3,1
2025,537881,2025-11-02T16:30:00Z,FINISHED,10,Manchester City FC,AFC Bournemouth,3,1
2025,537875,2025-11-03T20:00:00Z,FINISHED,10,Sunderland AFC,Everton FC,1,1
2025,537893,2025-11-08T12:30:00Z,FINISHED,11,Tottenham Hotspur FC,Manchester United FC,2,2
2025,537890,2025-11-08T15:00:00Z,FINISHED,11,Everton FC,Fulham FC,2,0
2025,537894,2025-11-08T15:00:00Z,FINISHED,11,West Ham United FC,Burnley FC,3,2
2025,537885,2025-11-08T17:30:00Z,FINISHED,11,Sunderland AFC,Arsenal FC,2,2
2025,537889,2025-11-08T20:00:00Z,FINISHED,11,Chelsea FC,Wolverhampton Wanderers FC,3,0
2025,537886,2025-11-09T14:00:00Z,FINISHED,11,Aston Villa FC,AFC Bournemouth,4,0
2025,537887,2025-11-09T14:00:00Z,FINISHED,11,Crystal Palace FC,Brighton & Hove Albion FC,0,0
2025,537888,2025-11-09T14:00:00Z,FINISHED,11,Brentford FC,Newcastle United FC,3,1
2025,537892,2025-11-09T14:00:00Z,FINISHED,11,Nottingham Forest FC,Leeds United FC,3,1
2025,537891,2025-11-09T16:30:00Z,FINISHED,11,Manchester City FC,Liverpool FC,3,0
2025,537898,2025-11-22T12:30:00Z,FINISHED,12,Burnley FC,Chelsea FC,0,2
2025,537895,2025-11-22T15:00:00Z,FINISHED,12,AFC Bournemouth,West Ham United FC,2,2
2025,537896,2025-11-22T15:00:00Z,FINISHED,12,Brighton & Hove Albion FC,Brentford FC,2,1
2025,537899,2025-11-22T15:00:00Z,FINISHED,12,Fulham FC,Sunderland AFC,1,0
2025,537900,2025-11-22T15:00:00Z,FINISHED,12,Liverpool FC,Nottingham Forest FC,0,3
2025,537904,2025-11-22T15:00:00Z,FINISHED,12,Wolverhampton Wanderers FC,Crystal Palace FC,0,2
2025,537903,2025-11-22T17:30:00Z,FINISHED,12,Newcastle United FC,Manchester City FC,2,1
2025,537901,2025-11-23T14:00:00Z,FINISHED,12,Leeds United FC,Aston Villa FC,1,2
2025,537897,2025-11-23T16:30:00Z,FINISHED,12,Arsenal FC,Tottenham Hotspur FC,4,1
2025,537902,2025-11-24T20:00:00Z,FINISHED,12,Manchester United FC,Everton FC,0,1
2025,537905,2025-11-29T15:00:00Z,FINISHED,13,Sunderland AFC,AFC Bournemouth,3,2
2025,537908,2025-11-29T15:00:00Z,FINISHED,13,Brentford FC,Burnley FC,3,1
2025,537911,2025-11-29T15:00:00Z,FINISHED,13,Manchester City FC,Leeds United FC,3,2
2025,537910,2025-11-29T17:30:00Z,FINISHED,13,Everton FC,Newcastle United FC,1,4
2025,537913,2025-11-29T20:00:00Z,FINISHED,13,Tottenham Hotspur FC,Fulham FC,1,2
2025,537907,2025-11-30T12:00:00Z,FINISHED,13,Crystal Palace FC,Manchester United FC,1,2
2025,537906,2025-11-30T14:05:00Z,FINISHED,13,Aston Villa FC,Wolverhampton Wanderers FC,1,0
2025,537912,2025-11-30T14:05:00Z,FINISHED,13,Nottingham Forest FC,Brighton & Hove Albion FC,0,2
2025,537914,2025-11-30T14:05:00Z,FINISHED,13,West Ham United FC,Liverpool FC,0,2
2025,537909,2025-11-30T16:30:00Z,FINISHED,13,Chelsea FC,Arsenal FC,1,1
2025,537915,2025-12-02T19:30:00Z,FINISHED,14,AFC Bournemouth,Everton FC,0,1
2025,537919,2025-12-02T19:30:00Z,FINISHED,14,Fulham FC,Manchester City FC,4,5
2025,537923,2025-12-02T20:15:00Z,FINISHED,14,Newcastle United FC,Tottenham Hotspur FC,2,2
2025,537916,2025-12-03T19:30:00Z,FINISHED,14,Brighton & Hove Albion FC,Aston Villa FC,3,4
2025,537917,2025-12-03T19:30:00Z,FINISHED,14,Arsenal FC,Brentford FC,2,0
2025,537918,2025-12-03T19:30:00Z,FINISHED,14,Burnley FC,Crystal Palace FC,0,1
2025,537924,2025-12-03T19:30:00Z,FINISHED,14,Wolverhampton Wanderers FC,Nottingham Forest FC,0,1
2025,537920,2025-12-03T20:15:00Z,FINISHED,14,Liverpool FC,Sunderland AFC,1,1
2025,537921,2025-12-03T20:15:00Z,FINISHED,14,Leeds United FC,Chelsea FC,3,1
2025,537922,2025-12-04T20:00:00Z,FINISHED,14,Manchester United FC,West Ham United FC,1,1
2025,537926,2025-12-06T12:30:00Z,FINISHED,15,Aston Villa FC,Arsenal FC,2,1
2025,537925,2025-12-06T15:00:00Z,FINISHED,15,AFC Bournemouth,Chelsea FC,0,0
2025,537928,2025-12-06T15:00:00Z,FINISHED,15,Everton FC,Nottingham Forest FC,3,0
2025,537931,2025-12-06T15:00:00Z,FINISHED,15,Manchester City FC,Sunderland AFC,3,0
2025,537932,2025-12-06T15:00:00Z,FINISHED,15,Newcastle United FC,Burnley FC,2,1
2025,537933,2025-12-06T15:00:00Z,FINISHED,15,Tottenham Hotspur FC,Brentford FC,2,0
2025,537930,2025-12-06T17:30:00Z,FINISHED,15,Leeds United FC,Liverpool FC,3,3
2025,537927,2025-12-07T14:00:00Z,FINISHED,15,Brighton & Hove Albion FC,West Ham United FC,1,1
2025,537929,2025-12-07T16:30:00Z,FINISHED,15,Fulham FC,Crystal Palace FC,1,2
2025,537934,2025-12-08T20:00:00Z,FINISHED,15,Wolverhampton Wanderers FC,Manchester United FC,1,4
2025,537940,2025-12-13T15:00:00Z,FINISHED,16,Chelsea FC,Everton FC,2,0
2025,537941,2025-12-13T15:00:00Z,FINISHED,16,Liverpool FC,Brighton & Hove Albion FC,2,0
2025,537939,2025-12-13T17:30:00Z,FINISHED,16,Burnley FC,Fulham FC,2,3
2025,537937,2025-12-13T20:00:00Z,FINISHED,16,Arsenal FC,Wolverhampton Wanderers FC,2,1
2025,537935,2025-12-14T14:00:00Z,FINISHED,16,Sunderland AFC,Newcastle United FC,1,0
2025,537936,2025-12-14T14:00:00Z,FINISHED,16,Crystal Palace FC,Manchester City FC,0,3
2025,537943,2025-12-14T14:00:00Z,FINISHED,16,Nottingham Forest FC,Tottenham Hotspur FC,3,0
2025,537944,2025-12-14T14:00:00Z,FINISHED,16,West Ham United FC,Aston Villa FC,2,3
2025,537938,2025-12-14T16:30:00Z,FINISHED,16,Brentford FC,Leeds United FC,1,1
2025,537942,2025-12-15T20:00:00Z,FINISHED,16,Manchester United FC,AFC Bournemouth,4,4
2025,537952,2025-12-20T12:30:00Z,FINISHED,17,Newcastle United FC,Chelsea FC,2,2
2025,537945,2025-12-20T15:00:00Z,FINISHED,17,AFC Bournemouth,Burnley FC,1,1
2025,537947,2025-12-20T15:00:00Z,FINISHED,17,Brighton & Hove Albion FC,Sunderland AFC,0,0
2025,537951,2025-12-20T15:00:00Z,FINISHED,17,Manchester City FC,West Ham United FC,3,0
2025,537954,2025-12-20T15:00:00Z,FINISHED,17,Wolverhampton Wanderers FC,Brentford FC,0,2
2025,537953,2025-12-20T17:30:00Z,FINISHED,17,Tottenham Hotspur FC,Liverpool FC,1,2
2025,537948,2025-12-20T20:00:00Z,FINISHED,17,Everton FC,Arsenal FC,0,1
2025,537950,2025-12-20T20:00:00Z,FINISHED,17,Leeds United FC,Crystal Palace FC,4,1
2025,537946,2025-12-21T16:30:00Z,FINISHED,17,Aston Villa FC,Manchester United FC,2,1
2025,537949,2025-12-22T20:00:00Z,FINISHED,17,Fulham FC,Nottingham Forest FC,1,0
2025,537962,2025-12-26T20:00:00Z,FINISHED,18,Manchester United FC,Newcastle United FC,1,0
2025,537963,2025-12-27T12:30:00Z,FINISHED,18,Nottingham Forest FC,Manchester City FC,1,2
2025,537957,2025-12-27T15:00:00Z,FINISHED,18,Arsenal FC,Brighton & Hove Albion FC,2,1
2025,537958,2025-12-27T15:00:00Z,FINISHED,18,Brentford FC,AFC Bournemouth,4,1
2025,537959,2025-12-27T15:00:00Z,FINISHED,18,Burnley FC,Everton FC,0,0
2025,537961,2025-12-27T15:00:00Z,FINISHED,18,Liverpool FC,Wolverhampton Wanderers FC,2,1
2025,537964,2025-12-27T15:00:00Z,FINISHED,18,West Ham United FC,Fulham FC,0,1
2025,537960,2025-12-27T17:30:00Z,FINISHED,18,Chelsea FC,Aston Villa FC,1,2
2025,537955,2025-12-28T14:00:00Z,FINISHED,18,Sunderland AFC,Leeds United FC,1,1
2025,537956,2025-12-28T16:30:00Z,FINISHED,18,Crystal Palace FC,Tottenham Hotspur FC,0,1
2025,537969,2025-12-30T19:30:00Z,FINISHED,19,Burnley FC,Newcastle United FC,1,3
2025,537970,2025-12-30T19:30:00Z,FINISHED,19,Chelsea FC,AFC Bournemouth,2,2
2025,537973,2025-12-30T19:30:00Z,FINISHED,19,Nottingham Forest FC,Everton FC,0,2
2025,537974,2025-12-30T19:30:00Z,FINISHED,19,West Ham United FC,Brighton & Hove Albion FC,2,2
2025,537967,2025-12-30T20:15:00Z,FINISHED,19,Arsenal FC,Aston Villa FC,4,1
2025,537972,2025-12-30T20:15:00Z,FINISHED,19,Manchester United FC,Wolverhampton Wanderers FC,1,1
2025,537966,2026-01-01T17:30:00Z,FINISHED,19,Crystal Palace FC,Fulham FC,1,1
2025,537971,2026-01-01T17:30:00Z,FINISHED,19,Liverpool FC,Leeds United FC,0,0
2025,537965,2026-01-01T20:00:00Z,FINISHED,19,Sunderland AFC,Manchester City FC,0,0
2025,537968,2026-01-01T20:00:00Z,FINISHED,19,Brentford FC,Tottenham Hotspur FC,0,0
2025,537976,2026-01-03T12:30:00Z,FINISHED,20,Aston Villa FC,Nottingham Forest FC,3,1
2025,537977,2026-01-03T15:00:00Z,FINISHED,20,Brighton & Hove Albion FC,Burnley FC,2,0
2025,537984,2026-01-03T15:00:00Z,FINISHED,20,Wolverhampton Wanderers FC,West Ham United FC,3,0
2025,537975,2026-01-03T17:30:00Z,FINISHED,20,AFC Bournemouth,Arsenal FC,2,3
2025,537980,2026-01-04T12:30:00Z,FINISHED,20,Leeds United FC,Manchester United FC,1,1
2025,537978,2026-01-04T15:00:00Z,FINISHED,20,Everton FC,Brentford FC,2,4
2025,537982,2026-01-04T15:00:00Z,FINISHED,20,Newcastle United FC,Crystal Palace FC,2,0
2025,537983,2026-01-04T15:00:00Z,FINISHED,20,Tottenham Hotspur FC,Sunderland AFC,1,1
2025,537979,2026-01-04T15:15:00Z,FINISHED,20,Fulham FC,Liverpool FC,2,2
2025,537981,2026-01-04T17:30:00Z,FINISHED,20,Manchester City FC,Chelsea FC,1,1
2025,537994,2026-01-06T20:00:00Z,FINISHED,21,West Ham United FC,Nottingham Forest FC,1,2
2025,537985,2026-01-07T19:30:00Z,FINISHED,21,AFC Bournemouth,Tottenham Hotspur FC,3,2
2025,537986,2026-01-07T19:30:00Z,FINISHED,21,Crystal Palace FC,Aston Villa FC,0,0
2025,537988,2026-01-07T19:30:00Z,FINISHED,21,Brentford FC,Sunderland AFC,3,0
2025,537990,2026-01-07T19:30:00Z,FINISHED,21,Everton FC,Wolverhampton Wanderers FC,1,1
2025,537991,2026-01-07T19:30:00Z,FINISHED,21,Fulham FC,Chelsea FC,2,1
2025,537992,2026-01-07T19:30:00Z,FINISHED,21,Manchester City FC,Brighton & Hove Albion FC,1,1
2025,537989,2026-01-07T20:15:00Z,FINISHED,21,Burnley FC,Manchester United FC,2,2
2025,537993,2026-01-07T20:15:00Z,FINISHED,21,Newcastle United FC,Leeds United FC,4,3
2025,537987,2026-01-08T20:00:00Z,FINISHED,21,Arsenal FC,Liverpool FC,0,0
2025,538001,2026-01-17T12:30:00Z,FINISHED,22,Manchester United FC,Manchester City FC,2,0
2025,537995,2026-01-17T15:00:00Z,FINISHED,22,Sunderland AFC,Crystal Palace FC,2,1
2025,537998,2026-01-17T15:00:00Z,FINISHED,22,Chelsea FC,Brentford FC,2,0
2025,537999,2026-01-17T15:00:00Z,FINISHED,22,Liverpool FC,Burnley FC,1,1
2025,538000,2026-01-17T15:00:00Z,FINISHED,22,Leeds United FC,Fulham FC,1,0
2025,538003,2026-01-17T15:00:00Z,FINISHED,22,Tottenham Hotspur FC,West Ham United FC,1,2
2025,538002,2026-01-17T17:30:00Z,FINISHED,22,Nottingham Forest FC,Arsenal FC,0,0
2025,538004,2026-01-18T14:00:00Z,FINISHED,22,Wolverhampton Wanderers FC,Newcastle United FC,0,0
2025,537996,2026-01-18T16:30:00Z,FINISHED,22,Aston Villa FC,Everton FC,0,1
2025,537997,2026-01-19T20:00:00Z,FINISHED,22,Brighton & Hove Albion FC,AFC Bournemouth,1,1
2025,538014,2026-01-24T12:30:00Z,FINISHED,23,West Ham United FC,Sunderland AFC,3,1
2025,538009,2026-01-24T15:00:00Z,FINISHED,23,Burnley FC,Tottenham Hotspur FC,2,2
2025,538011,2026-01-24T15:00:00Z,FINISHED,23,Fulham FC,Brighton & Hove Albion FC,2,1
2025,538012,2026-01-24T15:00:00Z,FINISHED,23,Manchester City FC,Wolverhampton Wanderers FC,2,0
2025,538005,2026-01-24T17:30:00Z,FINISHED,23,AFC Bournemouth,Liverpool FC,3,2
2025,538006,2026-01-25T14:00:00Z,FINISHED,23,Crystal Palace FC,Chelsea FC,1,3
2025,538008,2026-01-25T14:00:00Z,FINISHED,23,Brentford FC,Nottingham Forest FC,0,2
2025,538013,2026-01-25T14:00:00Z,FINISHED,23,Newcastle United FC,Aston Villa FC,0,2
2025,538007,2026-01-25T16:30:00Z,FINISHED,23,Arsenal FC,Manchester United FC,2,3
2025,538010,2026-01-26T20:00:00Z,FINISHED,23,Everton FC,Leeds United FC,1,1
2025,538017,2026-01-31T15:00:00Z,FINISHED,24,Brighton & Hove Albion FC,Everton FC,1,1
2025,538020,2026-01-31T15:00:00Z,FINISHED,24,Leeds United FC,Arsenal FC,0,4
2025,538024,2026-01-31T15:00:00Z,FINISHED,24,Wolverhampton Wanderers FC,AFC Bournemouth,0,2
2025,538018,2026-01-31T17:30:00Z,FINISHED,24,Chelsea FC,West Ham United FC,3,2
2025,538019,2026-01-31T20:00:00Z,FINISHED,24,Liverpool FC,Newcastle United FC,4,1
2025,538016,2026-02-01T14:00:00Z,FINISHED,24,Aston Villa FC,Brentford FC,0,1
2025,538021,2026-02-01T14:00:00Z,FINISHED,24,Manchester United FC,Fulham FC,3,2
2025,538022,2026-02-01T14:00:00Z,FINISHED,24,Nottingham Forest FC,Crystal Palace FC,1,1
2025,538023,2026-02-01T16:30:00Z,FINISHED,24,Tottenham Hotspur FC,Manchester City FC,2,2
2025,538015,2026-02-02T20:00:00Z,FINISHED,24,Sunderland AFC,Burnley FC,3,0
2025,538031,2026-02-06T20:00:00Z,FINISHED,25,Leeds United FC,Nottingham Forest FC,3,1
2025,538032,2026-02-07T12:30:00Z,FINISHED,25,Manchester United FC,Tottenham Hotspur FC,2,0
2025,538025,2026-02-07T15:00:00Z,FINISHED,25,AFC Bournemouth,Aston Villa FC,1,1
2025,538027,2026-02-07T15:00:00Z,FINISHED,25,Arsenal FC,Sunderland AFC,3,0
2025,538028,2026-02-07T15:00:00Z,FINISHED,25,Burnley FC,West Ham United FC,0,2
2025,538029,2026-02-07T15:00:00Z,FINISHED,25,Fulham FC,Everton FC,1,2
2025,538034,2026-02-07T15:00:00Z,FINISHED,25,Wolverhampton Wanderers FC,Chelsea FC,1,3
2025,538033,2026-02-07T17:30:00Z,FINISHED,25,Newcastle United FC,Brentford FC,2,3
2025,538026,2026-02-08T14:00:00Z,FINISHED,25,Brighton & Hove Albion FC,Crystal Palace FC,0,1
2025,538030,2026-02-08T16:30:00Z,FINISHED,25,Liverpool FC,Manchester City FC,1,2
2025,538039,2026-02-10T19:30:00Z,FINISHED,26,Chelsea FC,Leeds United FC,2,2
2025,538040,2026-02-10T19:30:00Z,FINISHED,26,Everton FC,AFC Bournemouth,1,2
2025,538043,2026-02-10T19:30:00Z,FINISHED,26,Tottenham Hotspur FC,Newcastle United FC,1,2
2025,538044,2026-02-10T20:15:00Z,FINISHED,26,West Ham United FC,Manchester United FC,1,1
2025,538036,2026-02-11T19:30:00Z,FINISHED,26,Aston Villa FC,Brighton & Hove Albion FC,1,0
2025,538041,2026-02-11T19:30:00Z,FINISHED,26,Manchester City FC,Fulham FC,3,0
2025,538042,2026-02-11T19:30:00Z,FINISHED,26,Nottingham Forest FC,Wolverhampton Wanderers FC,0,0
2025,538037,2026-02-11T19:40:00Z,FINISHED,26,Crystal Palace FC,Burnley FC,2,3
2025,538035,2026-02-11T20:15:00Z,FINISHED,26,Sunderland AFC,Liverpool FC,0,1
2025,538038,2026-02-12T20:00:00Z,FINISHED,26,Brentford FC,Arsenal FC,1,1
2025,538094,2026-02-18T20:00:00Z,FINISHED,31,Wolverhampton Wanderers FC,Arsenal FC,2,2
2025,538046,2026-02-21T15:00:00Z,FINISHED,27,Aston Villa FC,Leeds United FC,1,1
2025,538048,2026-02-21T15:00:00Z,FINISHED,27,Brentford FC,Brighton & Hove Albion FC,0,2
2025,538049,2026-02-21T15:00:00Z,FINISHED,27,Chelsea FC,Burnley FC,1,1
2025,538054,2026-02-21T17:30:00Z,FINISHED,27,West Ham United FC,AFC Bournemouth,0,0
2025,538051,2026-02-21T20:00:00Z,FINISHED,27,Manchester City FC,Newcastle United FC,2,1
2025,538045,2026-02-22T14:00:00Z,FINISHED,27,Sunderland AFC,Fulham FC,1,3
2025,538047,2026-02-22T14:00:00Z,FINISHED,27,Crystal Palace FC,Wolverhampton Wanderers FC,1,0
2025,538052,2026-02-22T14:00:00Z,FINISHED,27,Nottingham Forest FC,Liverpool FC,0,1
2025,538053,2026-02-22T16:30:00Z,FINISHED,27,Tottenham Hotspur FC,Arsenal FC,1,4
2025,538050,2026-02-23T20:00:00Z,FINISHED,27,Everton FC,Manchester United FC,0,1
2025,538064,2026-02-27T20:00:00Z,FINISHED,28,Wolverhampton Wanderers FC,Aston Villa FC,2,0
2025,538055,2026-02-28T12:30:00Z,FINISHED,28,AFC Bournemouth,Sunderland AFC,1,1
2025,538058,2026-02-28T15:00:00Z,FINISHED,28,Burnley FC,Brentford FC,3,4
2025,538060,2026-02-28T15:00:00Z,FINISHED,28,Liverpool FC,West Ham United FC,5,2
2025,538063,2026-02-28T15:00:00Z,FINISHED,28,Newcastle United FC,Everton FC,2,3
2025,538061,2026-02-28T17:30:00Z,FINISHED,28,Leeds United FC,Manchester City FC,0,1
2025,538056,2026-03-01T14:00:00Z,FINISHED,28,Brighton & Hove Albion FC,Nottingham Forest FC,2,1
2025,538059,2026-03-01T14:00:00Z,FINISHED,28,Fulham FC,Tottenham Hotspur FC,2,1
2025,538062,2026-03-01T14:00:00Z,FINISHED,28,Manchester United FC,Crystal Palace FC,2,1
2025,538057,2026-03-01T16:30:00Z,FINISHED,28,Arsenal FC,Chelsea FC,2,1
2025,538065,2026-03-03T19:30:00Z,FINISHED,29,AFC Bournemouth,Brentford FC,0,0
2025,538068,2026-03-03T19:30:00Z,FINISHED,29,Everton FC,Burnley FC,2,0
2025,538070,2026-03-03T19:30:00Z,FINISHED,29,Leeds United FC,Sunderland AFC,0,1
2025,538074,2026-03-03T20:15:00Z,FINISHED,29,Wolverhampton Wanderers FC,Liverpool FC,2,1
2025,538066,2026-03-04T19:30:00Z,FINISHED,29,Aston Villa FC,Chelsea FC,1,4
2025,538067,2026-03-04T19:30:00Z,FINISHED,29,Brighton & Hove Albion FC,Arsenal FC,0,1
2025,538069,2026-03-04T19:30:00Z,FINISHED,29,Fulham FC,West Ham United FC,0,1
2025,538071,2026-03-04T19:30:00Z,FINISHED,29,Manchester City FC,Nottingham Forest FC,2,2
2025,538072,2026-03-04T20:15:00Z,FINISHED,29,Newcastle United FC,Manchester United FC,2,1
2025,538073,2026-03-05T20:00:00Z,FINISHED,29,Tottenham Hotspur FC,Crystal Palace FC,1,3
2025,538075,2026-03-14T15:00:00Z,FINISHED,30,Sunderland AFC,Brighton & Hove Albion FC,0,1
2025,538079,2026-03-14T15:00:00Z,FINISHED,30,Burnley FC,AFC Bournemouth,0,0
2025,538077,2026-03-14T17:30:00Z,FINISHED,30,Arsenal FC,Everton FC,2,0
2025,538080,2026-03-14T17:30:00Z,FINISHED,30,Chelsea FC,Newcastle United FC,0,1
2025,538084,2026-03-14T20:00:00Z,FINISHED,30,West Ham United FC,Manchester City FC,1,1
2025,538076,2026-03-15T14:00:00Z,FINISHED,30,Crystal Palace FC,Leeds United FC,0,0
2025,538082,2026-03-15T14:00:00Z,FINISHED,30,Manchester United FC,Aston Villa FC,3,1
2025,538083,2026-03-15T14:00:00Z,FINISHED,30,Nottingham Forest FC,Fulham FC,0,0
2025,538081,2026-03-15T16:30:00Z,FINISHED,30,Liverpool FC,Tottenham Hotspur FC,1,1
2025,538078,2026-03-16T20:00:00Z,FINISHED,30,Brentford FC,Wolverhampton Wanderers FC,2,2
2025,538085,2026-03-20T20:00:00Z,FINISHED,31,AFC Bournemouth,Manchester United FC,2,2
2025,538087,2026-03-21T12:45:00Z,FINISHED,31,Brighton & Hove Albion FC,Liverpool FC,2,1
2025,538089,2026-03-21T15:00:00Z,FINISHED,31,Fulham FC,Burnley FC,3,1
2025,538088,2026-03-21T17:30:00Z,FINISHED,31,Everton FC,Chelsea FC,3,0
2025,538090,2026-03-21T20:00:00Z,FINISHED,31,Leeds United FC,Brentford FC,0,0
2025,538092,2026-03-22T12:00:00Z,FINISHED,31,Newcastle United FC,Sunderland AFC,1,2
2025,538086,2026-03-22T14:15:00Z,FINISHED,31,Aston Villa FC,West Ham United FC,2,0
2025,538093,2026-03-22T14:15:00Z,FINISHED,31,Tottenham Hotspur FC,Nottingham Forest FC,0,3
2025,538104,2026-04-10T19:00:00Z,FINISHED,32,West Ham United FC,Wolverhampton Wanderers FC,4,0
2025,538097,2026-04-11T11:30:00Z,FINISHED,32,Arsenal FC,AFC Bournemouth,1,2
2025,538098,2026-04-11T14:00:00Z,FINISHED,32,Brentford FC,Everton FC,2,2
2025,538099,2026-04-11T14:00:00Z,FINISHED,32,Burnley FC,Brighton & Hove Albion FC,0,2
2025,538101,2026-04-11T16:30:00Z,FINISHED,32,Liverpool FC,Fulham FC,2,0
2025,538095,2026-04-12T13:00:00Z,FINISHED,32,Sunderland AFC,Tottenham Hotspur FC,1,0
2025,538096,2026-04-12T13:00:00Z,FINISHED,32,Crystal Palace FC,Newcastle United FC,2,1
2025,538103,2026-04-12T13:00:00Z,FINISHED,32,Nottingham Forest FC,Aston Villa FC,1,1
2025,538100,2026-04-12T15:30:00Z,FINISHED,32,Chelsea FC,Manchester City FC,0,3
2025,538102,2026-04-13T19:00:00Z,FINISHED,32,Manchester United FC,Leeds United FC,1,2
2025,538107,2026-04-18T11:30:00Z,FINISHED,33,Brentford FC,Fulham FC,0,0
2025,538112,2026-04-18T14:00:00Z,FINISHED,33,Newcastle United FC,AFC Bournemouth,1,2
2025,538110,2026-04-18T14:00:00Z,FINISHED,33,Leeds United FC,Wolverhampton Wanderers FC,3,0
2025,538114,2026-04-18T16:30:00Z,FINISHED,33,Tottenham Hotspur FC,Brighton & Hove Albion FC,2,2
2025,538108,2026-04-18T19:00:00Z,FINISHED,33,Chelsea FC,Manchester United FC,0,1
2025,538113,2026-04-19T13:00:00Z,FINISHED,33,Nottingham Forest FC,Burnley FC,4,1
2025,538105,2026-04-19T13:00:00Z,FINISHED,33,Aston Villa FC,Sunderland AFC,4,3
2025,538109,2026-04-19T13:00:00Z,FINISHED,33,Everton FC,Liverpool FC,1,2
2025,538111,2026-04-19T15:30:00Z,FINISHED,33,Manchester City FC,Arsenal FC,2,1
2025,538106,2026-04-20T19:00:00Z,FINISHED,33,Crystal Palace FC,West Ham United FC,0,0
2025,538117,2026-04-21T19:00:00Z,FINISHED,34,Brighton & Hove Albion FC,Chelsea FC,3,0
2025,538115,2026-04-22T19:00:00Z,FINISHED,34,AFC Bournemouth,Leeds United FC,2,2
2025,538119,2026-04-22T19:00:00Z,FINISHED,34,Burnley FC,Manchester City FC,0,1
2025,538116,2026-04-24T19:00:00Z,FINISHED,34,Sunderland AFC,Nottingham Forest FC,0,5
2025,538120,2026-04-25T11:30:00Z,FINISHED,34,Fulham FC,Aston Villa FC,1,0
2025,538121,2026-04-25T14:00:00Z,FINISHED,34,Liverpool FC,Crystal Palace FC,3,1
2025,538123,2026-04-25T14:00:00Z,FINISHED,34,West Ham United FC,Everton FC,2,1
2025,538124,2026-04-25T14:00:00Z,FINISHED,34,Wolverhampton Wanderers FC,Tottenham Hotspur FC,0,1
2025,538118,2026-04-25T16:30:00Z,FINISHED,34,Arsenal FC,Newcastle United FC,1,0
2025,538122,2026-04-27T19:00:00Z,FINISHED,34,Manchester United FC,Brentford FC,2,1
2025,538131,2026-05-01T19:00:00Z,FINISHED,35,Leeds United FC,Burnley FC,3,1
2025,538128,2026-05-02T14:00:00Z,FINISHED,35,Brentford FC,West Ham United FC,3,0
2025,538133,2026-05-02T14:00:00Z,FINISHED,35,Newcastle United FC,Brighton & Hove Albion FC,3,1
2025,538134,2026-05-02T14:00:00Z,FINISHED,35,Wolverhampton Wanderers FC,Sunderland AFC,1,1
2025,538127,2026-05-02T16:30:00Z,FINISHED,35,Arsenal FC,Fulham FC,3,0
2025,538125,2026-05-03T13:00:00Z,FINISHED,35,AFC Bournemouth,Crystal Palace FC,3,0
2025,538132,2026-05-03T14:30:00Z,FINISHED,35,Manchester United FC,Liverpool FC,3,2
2025,538126,2026-05-03T18:00:00Z,FINISHED,35,Aston Villa FC,Tottenham Hotspur FC,1,2
2025,538129,2026-05-04T14:00:00Z,FINISHED,35,Chelsea FC,Nottingham Forest FC,1,3
2025,538130,2026-05-04T19:00:00Z,FINISHED,35,Everton FC,Manchester City FC,3,3
2025,538140,2026-05-09T11:30:00Z,FINISHED,36,Liverpool FC,Chelsea FC,1,1
2025,538135,2026-05-09T14:00:00Z,FINISHED,36,Sunderland AFC,Manchester United FC,0,0
2025,538136,2026-05-09T14:00:00Z,FINISHED,36,Brighton & Hove Albion FC,Wolverhampton Wanderers FC,3,0
2025,538139,2026-05-09T14:00:00Z,FINISHED,36,Fulham FC,AFC Bournemouth,0,1
2025,538141,2026-05-09T16:30:00Z,FINISHED,36,Manchester City FC,Brentford FC,3,0
2025,538137,2026-05-10T13:00:00Z,FINISHED,36,Crystal Palace FC,Everton FC,2,2
2025,538138,2026-05-10T13:00:00Z,FINISHED,36,Burnley FC,Aston Villa FC,2,2
2025,538142,2026-05-10T13:00:00Z,FINISHED,36,Nottingham Forest FC,Newcastle United FC,1,1
2025,538144,2026-05-10T15:30:00Z,FINISHED,36,West Ham United FC,Arsenal FC,0,1
2025,538143,2026-05-11T19:00:00Z,FINISHED,36,Tottenham Hotspur FC,Leeds United FC,1,1
2025,538091,2026-05-13T19:00:00Z,FINISHED,31,Manchester City FC,Crystal Palace FC,3,0
2025,538146,2026-05-15T19:00:00Z,FINISHED,37,Aston Villa FC,Liverpool FC,4,2
2025,538152,2026-05-17T11:30:00Z,FINISHED,37,Manchester United FC,Nottingham Forest FC,3,2
2025,538148,2026-05-17T14:00:00Z,FINISHED,37,Brentford FC,Crystal Palace FC,2,2
2025,538150,2026-05-17T14:00:00Z,FINISHED,37,Everton FC,Sunderland AFC,1,3
2025,538151,2026-05-17T14:00:00Z,FINISHED,37,Leeds United FC,Brighton & Hove Albion FC,1,0
2025,538154,2026-05-17T14:00:00Z,FINISHED,37,Wolverhampton Wanderers FC,Fulham FC,1,1
2025,538153,2026-05-17T16:30:00Z,FINISHED,37,Newcastle United FC,West Ham United FC,3,1
2025,538147,2026-05-18T19:00:00Z,FINISHED,37,Arsenal FC,Burnley FC,1,0
2025,538145,2026-05-19T18:30:00Z,FINISHED,37,AFC Bournemouth,Manchester City FC,1,1
2025,538149,2026-05-19T19:15:00Z,FINISHED,37,Chelsea FC,Tottenham Hotspur FC,2,1
2025,538155,2026-05-24T15:00:00Z,FINISHED,38,Sunderland AFC,Chelsea FC,2,1
2025,538156,2026-05-24T15:00:00Z,FINISHED,38,Brighton & Hove Albion FC,Manchester United FC,0,3
2025,538157,2026-05-24T15:00:00Z,FINISHED,38,Crystal Palace FC,Arsenal FC,1,2
2025,538158,2026-05-24T15:00:00Z,FINISHED,38,Burnley FC,Wolverhampton Wanderers FC,1,1
2025,538159,2026-05-24T15:00:00Z,FINISHED,38,Fulham FC,Newcastle United FC,2,0
2025,538160,2026-05-24T15:00:00Z,FINISHED,38,Liverpool FC,Brentford FC,1,1
2025,538161,2026-05-24T15:00:00Z,FINISHED,38,Manchester City FC,Aston Villa FC,1,2
2025,538162,2026-05-24T15:00:00Z,FINISHED,38,Nottingham Forest FC,AFC Bournemouth,1,1
2025,538163,2026-05-24T15:00:00Z,FINISHED,38,Tottenham Hotspur FC,Everton FC,1,0
2025,538164,2026-05-24T15:00:00Z,FINISHED,38,West Ham United FC,Leeds United FC,3,0
